Full Name,Job Title,Department,Business Unit,Gender,Ethnicity,Age,Hire Date,Annual Salary,Bonus %,Country,City,Exit Date,is_exited,,,,,,,,,,,
Emily Davis,Sr. Manger,IT,Research & Development,Female,Black,55,04-08-2016,"$1,41,604",15%,United States,Seattle,16-10-2021, YES,,,,,,,,,,,
Theodore Dinh,Technical Architect,IT,Manufacturing,Male,Asian,59,29-11-1997,"$99,975.00",0%,China,Chongqing,,NO,,,,,,,,,,,
Luna Sanders,Director,Finance,Speciality Products,Female,Caucasian,50,26-10-2006,"$1,63,099",20%,United States,Chicago,,NO,,,,,,,,,,,
Penelope Jordan,Computer Systems Manager,IT,Manufacturing,Female,Caucasian,26,27-09-2019,"$84,913.00",7%,United States,Chicago,,NO,,,,,,,,,,,
Austin Vo,Sr. Analyst,Finance,Manufacturing,Male,Asian,55,20-11-1995,"$95,409.00",0%,United States,Phoenix,,NO,,,,,,,,,,,
Joshua Gupta,Account Representative,Sales,Corporate,Male,Asian,57,24-01-2017,"$50,994.00",0%,China,Chongqing,,NO,,,,,,,,,,,
Ruby Barnes,Manager,IT,Corporate,Female,Caucasian,27,07-01-2020,"$1,19,746",10%,United States,Phoenix,,NO,,,,,,,,,,,
Luke Martin,Analyst,Finance,Manufacturing,Male,Black,25,16-05-2020,"$41,336.00",0%,United States,Miami,20-05-2021, YES,,,,,,,,,,,
Easton Bailey,Manager,Accounting,Manufacturing,Male,Caucasian,29,25-01-2019,"$1,13,527",6%,United States,Austin,,NO,,,,,,,,,,,
Madeline Walker,Sr. Analyst,Finance,Speciality Products,Female,Caucasian,34,13-06-2018,"$77,203.00",0%,United States,Chicago,,NO,,,,,,,,,,,
Savannah Ali,Sr. Manger,Human Resources,Manufacturing,Female,Asian,36,02-11-2009,"$1,57,333",15%,United States,Miami,,NO,,,,,,,,,,,
Camila Rogers,Controls Engineer,Engineering,Speciality Products,Female,Caucasian,27,21-10-2021,"$1,09,851",0%,United States,Seattle,,NO,,,,,,,,,,,
Eli Jones,Manager,Human Resources,Manufacturing,Male,Caucasian,59,14-03-1999,"$1,05,086",9%,United States,Austin,,NO,,,,,,,,,,,
Everleigh Ng,Sr. Manger,Finance,Research & Development,Female,Asian,51,06-10-2021,"$1,46,742",10%,China,Shanghai,,NO,,,,,,,,,,,
Robert Yang,Sr. Analyst,Accounting,Speciality Products,Male,Asian,31,11-04-2017,"$97,078.00",0%,United States,Austin,03-09-2020, YES,,,,,,,,,,,
Isabella Xi,Vice President,Marketing,Research & Development,Female,Asian,41,13-03-2013,"$2,49,270",30%,United States,Seattle,,NO,,,,,,,,,,,
Bella Powell,Director,Finance,Research & Development,Female,Black,65,03-04-2002,"$1,75,837",20%,United States,Phoenix,,NO,,,,,,,,,,,
Luke Martin,Analyst,Finance,Manufacturing,Male,Black,25,16-05-2020,"$41,336.00",0%,United States,Miami,20-05-2021, YES,,,,,,,,,,,
Camila Silva,Sr. Manger,Marketing,Speciality Products,Female,Latino,64,12-01-2003,"$1,54,828",13%,United States,Seattle,,NO,,,,,,,,,,,
David Barnes,Director,IT,Corporate,Male,Caucasian,64,11-03-2013,"$1,86,503",24%,United States,Columbus,,NO,,,,,,,,,,,
Adam Dang,Director,Sales,Research & Development,Male,Asian,45,07-09-2002,"$1,66,331",18%,China,Chongqing,,NO,,,,,,,,,,,
Elias Alvarado,Sr. Manger,IT,Manufacturing,Male,Latino,56,01-09-2012,"$1,46,140",10%,Brazil,Manaus,,NO,,,,,,,,,,,
Eva Rivera,Director,Sales,Manufacturing,Female,Latino,36,04-02-2021,"$1,51,703",21%,United States,Miami,,NO,,,,,,,,,,,
Logan Rivera,Director,IT,Research & Development,Male,Latino,59,24-05-2002,"$1,72,787",28%,Brazil,Rio de Janerio,,NO,,,,,,,,,,,
Leonardo Dixon,Analyst,Sales,Speciality Products,Male,Caucasian,37,09-05-2019,"$49,998.00",0%,United States,Seattle,,NO,,,,,,,,,,,
Mateo Her,Vice President,Sales,Speciality Products,Male,Asian,44,03-02-2014,"$2,07,172",31%,China,Chongqing,,NO,,,,,,,,,,,
Jose Henderson,Director,Human Resources,Speciality Products,Male,Black,41,17-04-2015,"$1,52,239",23%,United States,Columbus,,NO,,,,,,,,,,,
Abigail Mejia,Quality Engineer,Engineering,Corporate,Female,Latino,56,02-05-2005,"$98,581.00",0%,Brazil,Rio de Janerio,,NO,,,,,,,,,,,
Wyatt Chin,Vice President,Engineering,Speciality Products,Male,Asian,43,06-07-2004,"$2,46,231",31%,United States,Seattle,,NO,,,,,,,,,,,
Carson Lu,Engineering Manager,Engineering,Speciality Products,Male,Asian,64,12-04-1996,"$99,354.00",12%,China,Beijing,,NO,,,,,,,,,,,
Dylan Choi,Vice President,IT,Corporate,Male,Asian,63,05-11-2012,"$2,31,141",34%,China,Beijing,,NO,,,,,,,,,,,
Ezekiel Kumar,IT Coordinator,IT,Research & Development,Male,Asian,28,25-06-2017,"$54,775.00",0%,United States,Columbus,,NO,,,,,,,,,,,
Dominic Guzman,Analyst,Finance,Manufacturing,Male,Latino,65,16-05-2004,"$55,499.00",0%,Brazil,Manaus,,NO,,,,,,,,,,,
Angel Powell,Analyst II,Sales,Research & Development,Male,Caucasian,61,07-11-2008,"$66,521.00",0%,United States,Seattle,,NO,,,,,,,,,,,
Mateo Vu,Account Representative,Sales,Speciality Products,Male,Asian,30,29-09-2016,"$59,100.00",0%,China,Chongqing,,NO,,,,,,,,,,,
Caroline Jenkins,Analyst,Finance,Research & Development,Female,Caucasian,27,05-06-2018,"$49,011.00",0%,United States,Chicago,,NO,,,,,,,,,,,
Nora Brown,Enterprise Architect,IT,Manufacturing,Female,Caucasian,32,02-11-2014,"$99,575.00",0%,United States,Austin,,NO,,,,,,,,,,,
Adeline Huang,Controls Engineer,Engineering,Manufacturing,Female,Asian,34,16-12-2019,"$99,989.00",0%,China,Chengdu,,NO,,,,,,,,,,,
Jackson Perry,Vice President,Marketing,Research & Development,Male,Caucasian,27,20-10-2019,"$2,56,420",30%,United States,Phoenix,,NO,,,,,,,,,,,
Riley Padilla,Technical Architect,IT,Manufacturing,Female,Latino,35,15-05-2013,"$78,940.00",0%,United States,Miami,,NO,,,,,,,,,,,
Leah Pena,Enterprise Architect,IT,Corporate,Female,Latino,57,01-03-1994,"$82,872.00",0%,Brazil,Manaus,,NO,,,,,,,,,,,
Owen Lam,Sr. Business Partner,Human Resources,Speciality Products,Male,Asian,30,29-05-2017,"$86,317.00",0%,China,Chengdu,16-07-2017, YES,,,,,,,,,,,
Kennedy Foster,Manager,Marketing,Speciality Products,Female,Caucasian,53,23-11-2013,"$1,13,135",5%,United States,Austin,,NO,,,,,,,,,,,
John Moore,Vice President,IT,Speciality Products,Male,Caucasian,52,11-08-2005,"$1,99,808",32%,United States,Seattle,,NO,,,,,,,,,,,
William Vu,Account Representative,Sales,Speciality Products,Male,Asian,37,14-11-2013,"$56,037.00",0%,China,Shanghai,,NO,,,,,,,,,,,
Sadie Washington,Sr. Manger,Marketing,Research & Development,Female,Caucasian,29,24-05-2019,"$1,22,350",12%,United States,Phoenix,,NO,,,,,,,,,,,
Gabriel Holmes,Enterprise Architect,IT,Research & Development,Male,Caucasian,40,11-04-2010,"$92,952.00",0%,United States,Seattle,,NO,,,,,,,,,,,
Wyatt Rojas,Computer Systems Manager,IT,Corporate,Male,Latino,32,20-03-2013,"$79,921.00",5%,United States,Austin,,NO,,,,,,,,,,,
Eva Coleman,Director,IT,Research & Development,Female,Black,37,20-09-2009,"$1,67,199",20%,United States,Seattle,,NO,,,,,,,,,,,
Dominic Clark,Quality Engineer,Engineering,Research & Development,Male,Caucasian,52,17-10-2012,"$71,476.00",0%,United States,Phoenix,,NO,,,,,,,,,,,
Lucy Alexander,Director,Engineering,Manufacturing,Female,Caucasian,45,29-10-2014,"$1,89,420",20%,United States,Seattle,,NO,,,,,,,,,,,
Everleigh Washington,HRIS Analyst,Human Resources,Research & Development,Female,Caucasian,64,20-10-2001,"$64,057.00",0%,United States,Phoenix,,NO,,,,,,,,,,,
Leilani Butler,Analyst II,Marketing,Manufacturing,Female,Black,27,21-09-2021,"$68,728.00",0%,United States,Phoenix,,NO,,,,,,,,,,,
Peyton Huang,Sr. Manger,IT,Manufacturing,Female,Asian,25,07-02-2021,"$1,25,633",11%,China,Beijing,,NO,,,,,,,,,,,
John Contreras,Analyst II,Marketing,Manufacturing,Male,Latino,35,15-05-2011,"$66,889.00",0%,United States,Columbus,,NO,,,,,,,,,,,
Eli Jones,Manager,Human Resources,Manufacturing,Male,Caucasian,59,14-03-1999,"$1,05,086",9%,United States,Austin,,NO,,,,,,,,,,,
Rylee Yu,Director,Accounting,Research & Development,Female,Asian,36,29-09-2015,"$1,78,700",29%,United States,Seattle,,NO,,,,,,,,,,,
Piper Lewis,Field Engineer,Engineering,Research & Development,Female,Caucasian,33,22-12-2018,"$83,990.00",0%,United States,Chicago,,NO,,,,,,,,,,,
Stella Alexander,Automation Engineer,Engineering,Corporate,Female,Caucasian,52,12-10-2005,"$1,02,043",0%,United States,Chicago,,NO,,,,,,,,,,,
Addison Do,Operations Engineer,Engineering,Manufacturing,Female,Asian,46,30-05-2001,"$90,678.00",0%,United States,Columbus,,NO,,,,,,,,,,,
Zoey Jackson,Business Partner,Human Resources,Manufacturing,Female,Black,46,21-08-2008,"$59,067.00",0%,United States,Miami,,NO,,,,,,,,,,,
John Chow,Sr. Manger,Marketing,Research & Development,Male,Asian,45,03-11-2021,"$1,35,062",15%,China,Chengdu,,NO,,,,,,,,,,,
Ava Ayala,Sr. Manger,IT,Corporate,Female,Latino,55,16-08-2006,"$1,59,044",10%,Brazil,Manaus,,NO,,,,,,,,,,,
Natalia Salazar,Sr. Analyst,Accounting,Manufacturing,Female,Latino,44,01-02-2019,"$74,691.00",0%,Brazil,Manaus,07-08-2020, YES,,,,,,,,,,,
Skylar Carrillo,Engineering Manager,Engineering,Corporate,Female,Latino,44,18-12-2008,"$92,753.00",13%,United States,Austin,24-06-2021, YES,,,,,,,,,,,
Christian Sanders,Vice President,Human Resources,Speciality Products,Male,Black,45,08-07-2013,"$2,36,946",37%,United States,Seattle,,NO,,,,,,,,,,,
Penelope Coleman,Analyst,Finance,Corporate,Female,Black,36,27-08-2021,"$48,906.00",0%,United States,Miami,,NO,,,,,,,,,,,
Piper Richardson,Sr. Analyst,Sales,Corporate,Female,Caucasian,38,27-01-2008,"$80,024.00",0%,United States,Columbus,,NO,,,,,,,,,,,
Everly Walker,HRIS Analyst,Human Resources,Speciality Products,Female,Caucasian,41,23-10-2009,"$54,415.00",0%,United States,Seattle,22-01-2014, YES,,,,,,,,,,,
Aurora Ali,Manager,Marketing,Research & Development,Female,Asian,30,24-04-2016,"$1,20,341",7%,United States,Seattle,,NO,,,,,,,,,,,
Penelope Guerrero,Vice President,IT,Speciality Products,Female,Latino,43,08-04-2009,"$2,08,415",35%,United States,Seattle,,NO,,,,,,,,,,,
Anna Mehta,Cloud Infrastructure Architect,IT,Speciality Products,Female,Asian,32,01-05-2020,"$78,844.00",0%,United States,Seattle,,NO,,,,,,,,,,,
William Foster,Field Engineer,Engineering,Manufacturing,Male,Caucasian,58,23-05-2002,"$76,354.00",0%,United States,Phoenix,26-09-2021, YES,,,,,,,,,,,
Jade Rojas,Director,Finance,Speciality Products,Female,Latino,37,28-01-2019,"$1,65,927",20%,United States,Phoenix,,NO,,,,,,,,,,,
Isla Espinoza,Manager,Accounting,Speciality Products,Female,Latino,38,16-11-2021,"$1,09,812",9%,Brazil,Manaus,,NO,,,,,,,,,,,
David Chu,Controls Engineer,Engineering,Corporate,Male,Asian,55,09-03-1998,"$86,299.00",0%,United States,Seattle,,NO,,,,,,,,,,,
Thomas Padilla,Vice President,Marketing,Research & Development,Male,Latino,57,26-07-2003,"$2,06,624",40%,Brazil,Sao Paulo,,NO,,,,,,,,,,,
Miles Salazar,IT Coordinator,IT,Manufacturing,Male,Latino,36,23-12-2010,"$53,215.00",0%,Brazil,Sao Paulo,27-03-2014, YES,,,,,,,,,,,
Mila Hong,Test Engineer,Engineering,Research & Development,Female,Asian,30,22-05-2017,"$86,858.00",0%,China,Chongqing,10-08-2017, YES,,,,,,,,,,,
Benjamin Moua,Computer Systems Manager,IT,Manufacturing,Male,Asian,40,07-02-2007,"$93,971.00",8%,China,Chongqing,,NO,,,,,,,,,,,
Samuel Morales,Analyst II,Finance,Corporate,Male,Latino,34,27-06-2015,"$57,008.00",0%,United States,Phoenix,,NO,,,,,,,,,,,
John Soto,Sr. Manger,Finance,Manufacturing,Male,Latino,60,23-09-2015,"$1,41,899",15%,United States,Phoenix,,NO,,,,,,,,,,,
Joseph Martin,Analyst II,Marketing,Corporate,Male,Black,41,13-09-2016,"$64,847.00",0%,United States,Miami,,NO,,,,,,,,,,,
Jose Ross,Engineering Manager,Engineering,Research & Development,Male,Caucasian,53,04-08-1992,"$1,16,878",11%,United States,Miami,,NO,,,,,,,,,,,
Parker James,Quality Engineer,Engineering,Speciality Products,Male,Black,45,02-05-2005,"$70,505.00",0%,United States,Austin,,NO,,,,,,,,,,,
Everleigh Fernandez,Director,Engineering,Research & Development,Female,Latino,30,22-05-2016,"$1,89,702",28%,Brazil,Manaus,21-12-2020, YES,,,,,,,,,,,
Lincoln Hall,Director,Accounting,Speciality Products,Male,Caucasian,26,28-07-2020,"$1,80,664",27%,United States,Chicago,,NO,,,,,,,,,,,
Willow Mai,Business Partner,Human Resources,Manufacturing,Female,Asian,45,17-12-2003,"$48,345.00",0%,China,Chengdu,,NO,,,,,,,,,,,
Jack Cheng,Director,Human Resources,Manufacturing,Male,Asian,42,16-01-2014,"$1,52,214",30%,China,Beijing,,NO,,,,,,,,,,,
Genesis Navarro,Cloud Infrastructure Architect,IT,Corporate,Female,Latino,41,28-04-2009,"$69,803.00",0%,Brazil,Manaus,,NO,,,,,,,,,,,
Eliza Hernandez,Network Architect,IT,Corporate,Female,Latino,48,07-04-2019,"$76,588.00",0%,Brazil,Rio de Janerio,,NO,,,,,,,,,,,
Gabriel Brooks,Network Engineer,IT,Manufacturing,Male,Caucasian,29,12-10-2018,"$84,596.00",0%,United States,Miami,,NO,,,,,,,,,,,
Jack Huynh,Manager,Marketing,Research & Development,Male,Asian,27,25-09-2018,"$1,14,441",10%,China,Chongqing,22-12-2019, YES,,,,,,,,,,,
Everly Chow,Sr. Manger,Finance,Speciality Products,Female,Asian,33,21-04-2018,"$1,40,402",15%,China,Beijing,,NO,,,,,,,,,,,
Amelia Salazar,Analyst II,Finance,Corporate,Female,Latino,26,23-04-2019,"$59,817.00",0%,Brazil,Sao Paulo,,NO,,,,,,,,,,,
Xavier Zheng,Account Representative,Sales,Manufacturing,Male,Asian,31,22-07-2017,"$55,854.00",0%,United States,Austin,,NO,,,,,,,,,,,
Matthew Chau,Sr. Business Partner,Human Resources,Research & Development,Male,Asian,53,16-11-2002,"$95,998.00",0%,United States,Seattle,,NO,,,,,,,,,,,
Mia Cheng,Sr. Manger,Sales,Manufacturing,Female,Asian,34,22-04-2015,"$1,54,941",13%,United States,Phoenix,,NO,,,,,,,,,,,
Rylee Yu,Vice President,Finance,Speciality Products,Female,Asian,54,07-10-2011,"$2,47,022",30%,China,Beijing,,NO,,,,,,,,,,,
Zoe Romero,Network Architect,IT,Manufacturing,Female,Latino,32,10-05-2021,"$88,072.00",0%,Brazil,Sao Paulo,,NO,,,,,,,,,,,
Nolan Bui,Computer Systems Manager,IT,Research & Development,Male,Asian,28,26-05-2020,"$67,925.00",8%,China,Shanghai,,NO,,,,,,,,,,,
Nevaeh Jones,Vice President,Sales,Manufacturing,Female,Caucasian,31,20-08-2020,"$2,19,693",30%,United States,Austin,,NO,,,,,,,,,,,
Samantha Adams,Test Engineer,Engineering,Research & Development,Female,Caucasian,45,22-04-2013,"$61,773.00",0%,United States,Seattle,,NO,,,,,,,,,,,
Madeline Shin,Computer Systems Manager,IT,Speciality Products,Female,Asian,48,01-09-2007,"$74,546.00",9%,United States,Seattle,,NO,,,,,,,,,,,
Noah King,Development Engineer,Engineering,Speciality Products,Male,Black,56,27-01-2015,"$62,575.00",0%,United States,Miami,,NO,,,,,,,,,,,
Natalia Salazar,Sr. Analyst,Accounting,Manufacturing,Female,Latino,44,01-02-2019,"$74,691.00",0%,Brazil,Manaus,07-08-2020, YES,,,,,,,,,,,
Leilani Chow,Director,Human Resources,Corporate,Female,Asian,27,23-02-2021,"$1,99,041",16%,China,Beijing,,NO,,,,,,,,,,,
Connor Simmons,Analyst II,Accounting,Speciality Products,Male,Caucasian,55,04-05-2007,"$52,310.00",0%,United States,Miami,10-12-2018, YES,,,,,,,,,,,
Grayson Cooper,Sr. Manger,Finance,Speciality Products,Male,Black,64,29-06-2013,"$1,59,571",10%,United States,Columbus,,NO,,,,,,,,,,,
Ivy Soto,Field Engineer,Engineering,Research & Development,Female,Latino,50,23-10-1997,"$91,763.00",0%,United States,Austin,,NO,,,,,,,,,,,
Aurora Simmons,Development Engineer,Engineering,Corporate,Female,Caucasian,51,22-12-1995,"$96,475.00",0%,United States,Austin,,NO,,,,,,,,,,,
Andrew Thomas,Controls Engineer,Engineering,Manufacturing,Male,Caucasian,36,12-02-2016,"$1,13,781",0%,United States,Columbus,,NO,,,,,,,,,,,
Ezekiel Desai,Director,Finance,Research & Development,Male,Asian,42,15-01-2003,"$1,66,599",26%,United States,Seattle,,NO,,,,,,,,,,,
Gabriella Gupta,Sr. Account Representative,Sales,Corporate,Female,Asian,41,15-02-2005,"$95,372.00",0%,China,Shanghai,,NO,,,,,,,,,,,
Skylar Liu,Director,IT,Research & Development,Female,Asian,29,08-09-2020,"$1,61,203",15%,China,Chengdu,,NO,,,,,,,,,,,
Nova Coleman,System Administrator,IT,Manufacturing,Female,Caucasian,44,13-12-2006,"$74,738.00",0%,United States,Miami,,NO,,,,,,,,,,,
Evelyn Dinh,Director,Sales,Research & Development,Female,Asian,41,08-10-2018,"$1,71,173",21%,United States,Columbus,,NO,,,,,,,,,,,
Brooks Marquez,Vice President,Sales,Corporate,Male,Latino,61,24-09-2019,"$2,01,464",37%,United States,Chicago,,NO,,,,,,,,,,,
Connor Joseph,Director,Human Resources,Corporate,Male,Caucasian,50,22-07-1998,"$1,74,895",15%,United States,Chicago,,NO,,,,,,,,,,,
Mia Lam,Sr. Manger,IT,Manufacturing,Female,Asian,49,18-04-2006,"$1,34,486",14%,United States,Austin,,NO,,,,,,,,,,,
Scarlett Rodriguez,Sr. Analyst,Finance,Manufacturing,Female,Latino,60,24-02-2007,"$71,699.00",0%,Brazil,Manaus,,NO,,,,,,,,,,,
Cora Rivera,Sr. Analyst,Marketing,Corporate,Female,Latino,42,01-02-2021,"$94,430.00",0%,United States,Seattle,,NO,,,,,,,,,,,
Liam Jung,Manager,Finance,Corporate,Male,Asian,39,14-01-2010,"$1,03,504",7%,China,Chengdu,,NO,,,,,,,,,,,
Sophia Huynh,Enterprise Architect,IT,Manufacturing,Female,Asian,55,08-09-2005,"$92,771.00",0%,United States,Miami,,NO,,,,,,,,,,,
Athena Carrillo,Analyst II,Finance,Speciality Products,Female,Latino,39,04-06-2006,"$71,531.00",0%,United States,Columbus,,NO,,,,,,,,,,,
Greyson Sanders,Cloud Infrastructure Architect,IT,Speciality Products,Male,Black,28,03-06-2019,"$90,304.00",0%,United States,Chicago,,NO,,,,,,,,,,,
Vivian Lewis,Manager,Marketing,Manufacturing,Female,Caucasian,65,09-07-2011,"$1,04,903",10%,United States,Columbus,,NO,,,,,,,,,,,
Elena Vang,Analyst,Finance,Corporate,Female,Asian,52,19-02-2019,"$55,859.00",0%,China,Beijing,,NO,,,,,,,,,,,
Natalia Diaz,Operations Engineer,Engineering,Corporate,Female,Latino,62,10-12-2006,"$79,785.00",0%,United States,Austin,,NO,,,,,,,,,,,
Mila Leung,Sr. Analyst,Marketing,Corporate,Female,Asian,39,11-05-2007,"$99,017.00",0%,China,Beijing,,NO,,,,,,,,,,,
Ava Nelson,Systems Analyst,IT,Manufacturing,Female,Caucasian,63,04-01-1992,"$53,809.00",0%,United States,Phoenix,,NO,,,,,,,,,,,
Mateo Chu,Field Engineer,Engineering,Speciality Products,Male,Asian,27,16-04-2020,"$71,864.00",0%,China,Chengdu,,NO,,,,,,,,,,,
Isla Lai,Vice President,Finance,Corporate,Female,Asian,37,12-06-2011,"$2,25,558",33%,China,Shanghai,,NO,,,,,,,,,,,
Ezekiel Reed,Sr. Manger,IT,Manufacturing,Male,Caucasian,37,25-02-2014,"$1,28,984",12%,United States,Miami,05-01-2021, YES,,,,,,,,,,,
Nolan Guzman,Field Engineer,Engineering,Speciality Products,Male,Latino,46,20-06-1999,"$96,997.00",0%,Brazil,Sao Paulo,,NO,,,,,,,,,,,
Everleigh Espinoza,Director,Human Resources,Manufacturing,Female,Latino,54,22-01-2018,"$1,76,294",28%,United States,Austin,,NO,,,,,,,,,,,
Evelyn Jung,Analyst,Sales,Research & Development,Female,Asian,30,14-02-2021,"$48,340.00",0%,China,Beijing,,NO,,,,,,,,,,,
Sophie Silva,Vice President,Engineering,Corporate,Female,Latino,28,07-06-2017,"$2,40,488",40%,Brazil,Rio de Janerio,,NO,,,,,,,,,,,
Mateo Williams,Enterprise Architect,IT,Manufacturing,Male,Caucasian,40,22-01-2011,"$97,339.00",0%,United States,Austin,,NO,,,,,,,,,,,
Kennedy Rahman,Vice President,Human Resources,Manufacturing,Female,Asian,49,28-02-2003,"$2,11,291",37%,China,Chongqing,,NO,,,,,,,,,,,
Levi Mendez,Vice President,Sales,Research & Development,Male,Latino,39,23-08-2011,"$2,49,506",30%,Brazil,Rio de Janerio,,NO,,,,,,,,,,,
Julian Fong,Quality Engineer,Engineering,Speciality Products,Male,Asian,61,22-11-2002,"$80,950.00",0%,China,Chongqing,,NO,,,,,,,,,,,
Nevaeh Kang,Automation Engineer,Engineering,Research & Development,Female,Asian,46,01-10-2021,"$86,538.00",0%,China,Chengdu,,NO,,,,,,,,,,,
Hannah Nelson,Sr. Analyst,Marketing,Speciality Products,Female,Caucasian,35,09-07-2019,"$70,992.00",0%,United States,Austin,,NO,,,,,,,,,,,
Anthony Rogers,Vice President,Engineering,Corporate,Male,Caucasian,33,18-06-2015,"$2,05,314",30%,United States,Columbus,,NO,,,,,,,,,,,
Paisley Kang,Vice President,Human Resources,Corporate,Female,Asian,61,03-10-2017,"$1,96,951",33%,China,Beijing,,NO,,,,,,,,,,,
Matthew Gupta,Network Engineer,IT,Speciality Products,Male,Asian,45,18-09-2005,"$67,686.00",0%,China,Beijing,,NO,,,,,,,,,,,
Silas Chavez,Technical Architect,IT,Research & Development,Male,Latino,51,15-04-2008,"$86,431.00",0%,United States,Columbus,,NO,,,,,,,,,,,
Colton Thao,Manager,Human Resources,Manufacturing,Male,Asian,55,16-11-1995,"$1,25,936",8%,China,Chongqing,,NO,,,,,,,,,,,
Genesis Perry,Sr. Manger,Sales,Corporate,Female,Caucasian,46,18-07-2013,"$1,49,712",14%,United States,Columbus,,NO,,,,,,,,,,,
Alexander Bryant,Field Engineer,Engineering,Speciality Products,Male,Caucasian,30,10-02-2021,"$88,758.00",0%,United States,Seattle,,NO,,,,,,,,,,,
Elias Zhang,Solutions Architect,IT,Research & Development,Male,Asian,54,13-07-2013,"$83,639.00",0%,China,Beijing,,NO,,,,,,,,,,,
Lily Carter,Network Architect,IT,Research & Development,Female,Caucasian,54,18-05-1998,"$68,268.00",0%,United States,Phoenix,,NO,,,,,,,,,,,
Joseph Ruiz,Field Engineer,Engineering,Manufacturing,Male,Latino,45,26-02-2002,"$75,819.00",0%,Brazil,Sao Paulo,,NO,,,,,,,,,,,
Avery Bailey,Sr. Analyst,Sales,Speciality Products,Female,Caucasian,49,15-05-1996,"$86,658.00",0%,United States,Phoenix,,NO,,,,,,,,,,,
Miles Hsu,Analyst II,Finance,Research & Development,Male,Asian,55,16-03-2014,"$74,552.00",0%,China,Chengdu,,NO,,,,,,,,,,,
Piper Cheng,Enterprise Architect,IT,Manufacturing,Female,Asian,62,15-03-2009,"$82,839.00",0%,United States,Miami,,NO,,,,,,,,,,,
Skylar Watson,Network Architect,IT,Speciality Products,Female,Caucasian,28,10-08-2021,"$64,475.00",0%,United States,Phoenix,,NO,,,,,,,,,,,
Jaxon Park,Network Architect,IT,Manufacturing,Male,Asian,33,24-07-2020,"$69,453.00",0%,China,Chengdu,,NO,,,,,,,,,,,
Elijah Henry,Manager,IT,Corporate,Male,Caucasian,32,01-03-2014,"$1,27,148",10%,United States,Miami,,NO,,,,,,,,,,,
Connor Joseph,Director,Human Resources,Corporate,Male,Caucasian,50,22-07-1998,"$1,74,895",15%,United States,Chicago,,NO,,,,,,,,,,,
Camila Watson,Vice President,Finance,Speciality Products,Female,Caucasian,32,01-02-2018,"$1,90,253",33%,United States,Austin,,NO,,,,,,,,,,,
Lucas Thomas,Manager,Accounting,Research & Development,Male,Caucasian,55,28-04-2000,"$1,15,798",5%,United States,Miami,,NO,,,,,,,,,,,
Skylar Doan,Sr. Business Partner,Human Resources,Research & Development,Female,Asian,58,21-08-1994,"$93,102.00",0%,United States,Seattle,13-12-2013, YES,,,,,,,,,,,
Hudson Liu,Engineering Manager,Engineering,Speciality Products,Male,Asian,34,16-11-2017,"$1,10,054",15%,United States,Miami,,NO,,,,,,,,,,,
Gianna Williams,Quality Engineer,Engineering,Research & Development,Female,Black,27,28-01-2021,"$95,786.00",0%,United States,Chicago,,NO,,,,,,,,,,,
Jaxson Sandoval,Sr. Analyst,Sales,Speciality Products,Male,Latino,61,05-03-2017,"$90,855.00",0%,Brazil,Sao Paulo,,NO,,,,,,,,,,,
Jameson Alvarado,Enterprise Architect,IT,Manufacturing,Male,Latino,47,14-03-1999,"$92,897.00",0%,Brazil,Sao Paulo,,NO,,,,,,,,,,,
Joseph Ly,Vice President,Marketing,Speciality Products,Male,Asian,40,28-02-2009,"$2,42,919",31%,China,Chongqing,,NO,,,,,,,,,,,
Daniel Richardson,Director,Engineering,Speciality Products,Male,Caucasian,30,20-05-2018,"$1,84,368",29%,United States,Austin,,NO,,,,,,,,,,,
Elias Figueroa,Sr. Manger,Finance,Corporate,Male,Latino,45,24-12-2021,"$1,44,754",15%,United States,Phoenix,,NO,,,,,,,,,,,
Emma Brooks,Sr. Account Representative,Sales,Research & Development,Female,Caucasian,30,18-12-2016,"$89,458.00",0%,United States,Austin,,NO,,,,,,,,,,,
Isla Wong,Vice President,Accounting,Corporate,Female,Asian,56,16-03-2014,"$1,90,815",40%,United States,Austin,,NO,,,,,,,,,,,
Everly Walker,Sr. Manger,Sales,Research & Development,Female,Caucasian,62,08-02-1999,"$1,37,995",14%,United States,Austin,,NO,,,,,,,,,,,
Mila Pena,Sr. Business Partner,Human Resources,Manufacturing,Female,Latino,45,21-12-2007,"$93,840.00",0%,Brazil,Manaus,,NO,,,,,,,,,,,
Mason Zhao,Technical Architect,IT,Research & Development,Male,Asian,46,26-10-2021,"$94,790.00",0%,China,Chongqing,,NO,,,,,,,,,,,
Jaxson Mai,Vice President,Human Resources,Research & Development,Male,Asian,48,03-08-2014,"$1,97,367",39%,United States,Austin,,NO,,,,,,,,,,,
Ava Garza,Director,Accounting,Manufacturing,Female,Latino,27,25-06-2018,"$1,74,097",21%,United States,Phoenix,,NO,,,,,,,,,,,
Nathan Mendez,Manager,IT,Speciality Products,Male,Latino,53,31-10-2006,"$1,20,128",10%,United States,Austin,,NO,,,,,,,,,,,
Maria Griffin,Manager,Marketing,Manufacturing,Female,Caucasian,59,25-04-2007,"$1,29,708",5%,United States,Miami,,NO,,,,,,,,,,,
Alexander Choi,Manager,Marketing,Research & Development,Male,Asian,55,18-09-1994,"$1,02,270",10%,United States,Chicago,,NO,,,,,,,,,,,
Maria Hong,Vice President,Finance,Speciality Products,Female,Asian,43,31-07-2005,"$2,49,686",31%,China,Chongqing,,NO,,,,,,,,,,,
Sophie Ali,Analyst,Finance,Manufacturing,Female,Asian,55,28-03-2002,"$50,475.00",0%,United States,Columbus,,NO,,,,,,,,,,,
Julian Ross,Manager,Marketing,Research & Development,Male,Caucasian,51,07-02-2020,"$1,00,099",8%,United States,Miami,,NO,,,,,,,,,,,
Emma Hill,IT Coordinator,IT,Manufacturing,Female,Caucasian,54,27-12-2016,"$41,673.00",0%,United States,Miami,,NO,,,,,,,,,,,
Leilani Yee,Sr. Analyst,Marketing,Speciality Products,Female,Asian,47,07-12-2017,"$70,996.00",0%,China,Chengdu,,NO,,,,,,,,,,,
Jack Brown,Analyst,Marketing,Corporate,Male,Caucasian,55,12-07-2004,"$40,752.00",0%,United States,Phoenix,,NO,,,,,,,,,,,
Charlotte Chu,Network Engineer,IT,Manufacturing,Female,Asian,50,23-01-2001,"$97,537.00",0%,China,Chengdu,,NO,,,,,,,,,,,
Jeremiah Chu,IT Systems Architect,IT,Research & Development,Male,Asian,31,09-12-2020,"$96,567.00",0%,China,Shanghai,,NO,,,,,,,,,,,
Miles Cho,Systems Analyst,IT,Speciality Products,Male,Asian,47,03-10-1999,"$49,404.00",0%,China,Beijing,,NO,,,,,,,,,,,
Caleb Marquez,IT Systems Architect,IT,Research & Development,Male,Latino,29,15-10-2019,"$66,819.00",0%,Brazil,Rio de Janerio,,NO,,,,,,,,,,,
Eli Soto,Analyst,Marketing,Speciality Products,Male,Latino,38,05-02-2016,"$50,784.00",0%,Brazil,Rio de Janerio,,NO,,,,,,,,,,,
Carter Mejia,Sr. Manger,Human Resources,Research & Development,Male,Latino,29,05-09-2019,"$1,25,828",15%,Brazil,Sao Paulo,,NO,,,,,,,,,,,
Ethan Clark,Sr. Business Partner,Human Resources,Manufacturing,Male,Caucasian,33,08-04-2017,"$92,610.00",0%,United States,Columbus,,NO,,,,,,,,,,,
Asher Jackson,Sr. Manger,Sales,Speciality Products,Male,Caucasian,50,25-03-2003,"$1,23,405",13%,United States,Columbus,,NO,,,,,,,,,,,
Ayla Ng,Account Representative,Sales,Manufacturing,Female,Asian,46,20-03-2004,"$73,004.00",0%,China,Beijing,,NO,,,,,,,,,,,
Jose Kang,Engineering Manager,Engineering,Corporate,Male,Asian,57,25-04-1999,"$95,061.00",10%,China,Shanghai,,NO,,,,,,,,,,,
Aubrey Romero,Director,Sales,Corporate,Female,Latino,49,04-02-1998,"$1,60,832",30%,United States,Phoenix,,NO,,,,,,,,,,,
Jaxson Wright,Service Desk Analyst,IT,Manufacturing,Male,Black,54,28-12-2010,"$64,417.00",0%,United States,Columbus,,NO,,,,,,,,,,,
Elias Ali,Manager,Sales,Corporate,Male,Asian,28,19-03-2021,"$1,27,543",6%,China,Shanghai,,NO,,,,,,,,,,,
Nolan Pena,Analyst,Marketing,Manufacturing,Male,Latino,30,21-06-2018,"$56,154.00",0%,Brazil,Sao Paulo,,NO,,,,,,,,,,,
Luna Liu,Vice President,Sales,Manufacturing,Female,Asian,36,22-02-2014,"$2,18,530",30%,China,Shanghai,,NO,,,,,,,,,,,
Brooklyn Reyes,Service Desk Analyst,IT,Manufacturing,Female,Latino,36,19-12-2019,"$91,954.00",0%,United States,Columbus,,NO,,,,,,,,,,,
Hadley Parker,Vice President,Marketing,Corporate,Female,Black,30,21-09-2016,"$2,21,217",32%,United States,Columbus,25-09-2017, YES,,,,,,,,,,,
Jonathan Chavez,System Administrator,IT,Manufacturing,Male,Latino,29,05-11-2017,"$87,536.00",0%,United States,Seattle,,NO,,,,,,,,,,,
Sarah Ayala,Analyst,Sales,Corporate,Female,Latino,47,06-09-2015,"$41,429.00",0%,United States,Seattle,,NO,,,,,,,,,,,
Elijah Kang,Vice President,Engineering,Manufacturing,Male,Asian,35,10-10-2011,"$2,45,482",39%,United States,Seattle,,NO,,,,,,,,,,,
Ella White,Development Engineer,Engineering,Manufacturing,Female,Caucasian,25,20-01-2020,"$71,359.00",0%,United States,Phoenix,,NO,,,,,,,,,,,
Jordan Truong,Director,Engineering,Speciality Products,Male,Asian,45,28-08-2014,"$1,83,161",22%,United States,Miami,,NO,,,,,,,,,,,
Daniel Jordan,Network Administrator,IT,Corporate,Male,Caucasian,58,26-07-1993,"$69,260.00",0%,United States,Phoenix,,NO,,,,,,,,,,,
Daniel Dixon,Operations Engineer,Engineering,Speciality Products,Male,Caucasian,51,10-09-1999,"$95,639.00",0%,United States,Austin,,NO,,,,,,,,,,,
Luca Duong,Manager,Human Resources,Research & Development,Male,Asian,48,30-06-2004,"$1,20,660",7%,China,Chengdu,,NO,,,,,,,,,,,
Levi Brown,Sr. Analyst,Sales,Corporate,Male,Black,36,26-12-2021,"$75,119.00",0%,United States,Chicago,,NO,,,,,,,,,,,
Mason Cho,Vice President,Accounting,Research & Development,Male,Asian,59,18-05-2011,"$1,92,213",40%,United States,Chicago,,NO,,,,,,,,,,,
Nova Herrera,Account Representative,Sales,Speciality Products,Female,Latino,45,05-10-2014,"$65,047.00",0%,Brazil,Sao Paulo,,NO,,,,,,,,,,,
Elijah Watson,Sr. Manger,Sales,Manufacturing,Male,Caucasian,29,16-03-2017,"$1,51,413",15%,United States,Seattle,,NO,,,,,,,,,,,
Wesley Gray,Sr. Analyst,Accounting,Speciality Products,Male,Caucasian,62,22-04-2003,"$76,906.00",0%,United States,Seattle,,NO,,,,,,,,,,,
Wesley Sharma,Manager,IT,Corporate,Male,Asian,51,23-02-1994,"$1,22,802",5%,China,Shanghai,,NO,,,,,,,,,,,
Mateo Mendez,Development Engineer,Engineering,Research & Development,Male,Latino,47,14-07-1998,"$99,091.00",0%,United States,Austin,,NO,,,,,,,,,,,
Jose Molina,Controls Engineer,Engineering,Manufacturing,Male,Latino,40,28-02-2008,"$1,13,987",0%,Brazil,Manaus,,NO,,,,,,,,,,,
Luna Simmons,Sr. Analyst,Finance,Corporate,Female,Caucasian,28,09-04-2020,"$95,045.00",0%,United States,Chicago,,NO,,,,,,,,,,,
Samantha Barnes,Vice President,Marketing,Speciality Products,Female,Caucasian,29,01-05-2017,"$1,90,401",37%,United States,Columbus,,NO,,,,,,,,,,,
Hunter Ortiz,Sr. Analyst,Finance,Corporate,Male,Latino,46,20-01-2013,"$86,061.00",0%,Brazil,Rio de Janerio,,NO,,,,,,,,,,,
Thomas Aguilar,Sr. Account Representative,Sales,Speciality Products,Male,Latino,45,02-10-2021,"$79,882.00",0%,United States,Phoenix,,NO,,,,,,,,,,,
Skylar Bell,Vice President,Engineering,Manufacturing,Female,Caucasian,30,03-06-2018,"$2,55,431",36%,United States,Columbus,,NO,,,,,,,,,,,
Anna Zhu,Service Desk Analyst,IT,Manufacturing,Female,Asian,48,22-08-2003,"$82,017.00",0%,China,Beijing,,NO,,,,,,,,,,,
Ella Hunter,Analyst,Finance,Manufacturing,Female,Caucasian,51,18-01-2017,"$53,799.00",0%,United States,Columbus,,NO,,,,,,,,,,,
Emery Hunter,Sr. Analyst,Sales,Corporate,Female,Caucasian,28,07-03-2021,"$82,739.00",0%,United States,Phoenix,,NO,,,,,,,,,,,
Sofia Parker,Cloud Infrastructure Architect,IT,Manufacturing,Female,Caucasian,36,30-05-2014,"$99,080.00",0%,United States,Chicago,,NO,,,,,,,,,,,
Lucy Fong,Sr. Account Representative,Sales,Corporate,Female,Asian,40,20-01-2011,"$96,719.00",0%,China,Chengdu,,NO,,,,,,,,,,,
Vivian Barnes,Director,Human Resources,Research & Development,Female,Caucasian,51,28-03-2021,"$1,80,687",19%,United States,Phoenix,,NO,,,,,,,,,,,
Kai Chow,Engineering Manager,Engineering,Corporate,Male,Asian,45,04-12-2001,"$95,743.00",15%,United States,Austin,15-01-2010, YES,,,,,,,,,,,
Melody Cooper,Development Engineer,Engineering,Research & Development,Female,Caucasian,44,09-04-2009,"$89,695.00",0%,United States,Austin,,NO,,,,,,,,,,,
James Bui,Manager,Finance,Manufacturing,Male,Asian,64,20-07-1998,"$1,22,753",9%,China,Chongqing,,NO,,,,,,,,,,,
Liam Grant,Sr. Business Partner,Human Resources,Research & Development,Male,Caucasian,30,15-03-2015,"$93,734.00",0%,United States,Phoenix,,NO,,,,,,,,,,,
Owen Han,Analyst,Accounting,Corporate,Male,Asian,28,05-12-2017,"$52,069.00",0%,China,Chongqing,,NO,,,,,,,,,,,
Kinsley Vega,Vice President,Accounting,Corporate,Female,Latino,33,16-12-2020,"$2,58,426",40%,Brazil,Rio de Janerio,,NO,,,,,,,,,,,
Leonardo Martin,Manager,Finance,Speciality Products,Male,Black,51,16-02-1995,"$1,25,375",9%,United States,Chicago,,NO,,,,,,,,,,,
Greyson Lam,Vice President,Accounting,Manufacturing,Male,Asian,25,02-08-2021,"$1,98,243",31%,United States,Miami,,NO,,,,,,,,,,,
Emilia Rivera,Test Engineer,Engineering,Research & Development,Female,Latino,42,23-11-2017,"$96,023.00",0%,United States,Miami,,NO,,,,,,,,,,,
Penelope Johnson,Sr. Analyst,Marketing,Research & Development,Female,Caucasian,34,25-06-2012,"$83,066.00",0%,United States,Chicago,06-05-2013, YES,,,,,,,,,,,
Eva Figueroa,Analyst II,Sales,Research & Development,Female,Latino,48,14-05-2014,"$61,216.00",0%,United States,Seattle,,NO,,,,,,,,,,,
Ezekiel Jordan,Sr. Manger,Accounting,Corporate,Male,Caucasian,33,02-10-2013,"$1,44,231",14%,United States,Columbus,17-07-2020, YES,,,,,,,,,,,
Luke Mai,HRIS Analyst,Human Resources,Research & Development,Male,Asian,41,24-10-2007,"$51,630.00",0%,China,Beijing,,NO,,,,,,,,,,,
Charles Diaz,Sr. Manger,Sales,Corporate,Male,Latino,55,16-11-2013,"$1,24,129",15%,Brazil,Sao Paulo,,NO,,,,,,,,,,,
Adam Espinoza,Test Engineer,Engineering,Manufacturing,Male,Latino,36,04-09-2009,"$60,055.00",0%,United States,Seattle,,NO,,,,,,,,,,,
Jack Maldonado,Director,Engineering,Research & Development,Male,Latino,31,26-08-2020,"$1,89,290",22%,Brazil,Sao Paulo,25-09-2020, YES,,,,,,,,,,,
Cora Jiang,Vice President,IT,Corporate,Female,Asian,53,30-04-2008,"$1,82,202",30%,United States,Austin,,NO,,,,,,,,,,,
Cooper Mitchell,Manager,Sales,Speciality Products,Male,Caucasian,43,31-01-2006,"$1,17,518",7%,United States,Seattle,,NO,,,,,,,,,,,
Layla Torres,Sr. Manger,Finance,Manufacturing,Female,Latino,37,24-02-2013,"$1,57,474",11%,Brazil,Rio de Janerio,,NO,,,,,,,,,,,
Jack Edwards,Manager,Marketing,Manufacturing,Male,Caucasian,38,04-06-2008,"$1,26,856",6%,United States,Columbus,,NO,,,,,,,,,,,
Eleanor Chan,Sr. Manger,Accounting,Manufacturing,Female,Asian,49,04-02-2001,"$1,29,124",12%,China,Shanghai,,NO,,,,,,,,,,,
Aria Xi,Director,Sales,Research & Development,Female,Asian,45,03-01-2002,"$1,65,181",16%,United States,Seattle,,NO,,,,,,,,,,,
John Vega,Vice President,Finance,Corporate,Male,Latino,50,18-01-2004,"$2,47,939",35%,Brazil,Rio de Janerio,,NO,,,,,,,,,,,
Luke Munoz,Director,Engineering,Speciality Products,Male,Latino,64,25-08-2017,"$1,69,509",18%,Brazil,Manaus,,NO,,,,,,,,,,,
Sarah Daniels,Sr. Manger,Accounting,Manufacturing,Female,Caucasian,55,01-09-2011,"$1,38,521",10%,United States,Miami,,NO,,,,,,,,,,,
Aria Castro,Engineering Manager,Engineering,Speciality Products,Female,Latino,45,14-03-2014,"$1,13,873",11%,Brazil,Rio de Janerio,,NO,,,,,,,,,,,
Autumn Joseph,Enterprise Architect,IT,Corporate,Female,Black,39,05-09-2018,"$73,317.00",0%,United States,Miami,,NO,,,,,,,,,,,
Evelyn Liang,Service Desk Analyst,IT,Speciality Products,Female,Asian,40,26-06-2013,"$69,096.00",0%,United States,Seattle,,NO,,,,,,,,,,,
Henry Alvarez,Sr. Business Partner,Human Resources,Manufacturing,Male,Latino,48,04-12-2005,"$87,158.00",0%,Brazil,Manaus,,NO,,,,,,,,,,,
Benjamin Delgado,Test Engineer,Engineering,Corporate,Male,Latino,64,28-09-1992,"$70,778.00",0%,United States,Austin,,NO,,,,,,,,,,,
Zoe Rodriguez,Director,Human Resources,Speciality Products,Female,Latino,65,23-05-2004,"$1,53,938",20%,United States,Phoenix,,NO,,,,,,,,,,,
Axel Chu,Systems Analyst,IT,Research & Development,Male,Asian,43,05-04-2018,"$59,888.00",0%,China,Beijing,,NO,,,,,,,,,,,
Cameron Evans,Test Engineer,Engineering,Corporate,Male,Caucasian,50,13-12-2018,"$63,098.00",0%,United States,Columbus,,NO,,,,,,,,,,,
Isabella Soto,Vice President,Finance,Corporate,Female,Latino,27,15-12-2021,"$2,55,369",33%,Brazil,Sao Paulo,,NO,,,,,,,,,,,
Eva Jenkins,Sr. Manger,Human Resources,Manufacturing,Female,Black,55,11-10-2004,"$1,42,318",14%,United States,Chicago,,NO,,,,,,,,,,,
Cameron Powell,Business Partner,Human Resources,Manufacturing,Male,Black,41,20-08-2004,"$49,186.00",0%,United States,Austin,17-06-2008, YES,,,,,,,,,,,
Samantha Foster,Vice President,Human Resources,Research & Development,Female,Black,34,27-07-2019,"$2,20,937",38%,United States,Austin,,NO,,,,,,,,,,,
Jade Li,Director,IT,Speciality Products,Female,Asian,47,26-10-2012,"$1,83,156",30%,United States,Seattle,,NO,,,,,,,,,,,
Kinsley Acosta,Vice President,IT,Speciality Products,Female,Latino,32,22-07-2020,"$1,92,749",31%,United States,Chicago,,NO,,,,,,,,,,,
Clara Kang,Sr. Manger,IT,Manufacturing,Female,Asian,39,25-03-2017,"$1,35,325",14%,United States,Phoenix,,NO,,,,,,,,,,,
Harper Alexander,Sr. Analyst,Sales,Speciality Products,Female,Caucasian,26,14-10-2019,"$79,356.00",0%,United States,Phoenix,,NO,,,,,,,,,,,
Carter Reed,Development Engineer,Engineering,Manufacturing,Male,Black,40,07-07-2005,"$74,412.00",0%,United States,Seattle,,NO,,,,,,,,,,,
Charlotte Ruiz,Computer Systems Manager,IT,Manufacturing,Female,Latino,32,10-02-2017,"$61,886.00",9%,Brazil,Rio de Janerio,,NO,,,,,,,,,,,
Everleigh Jiang,Director,Accounting,Research & Development,Female,Asian,58,14-05-2003,"$1,73,071",29%,United States,Columbus,,NO,,,,,,,,,,,
Audrey Smith,Field Engineer,Engineering,Research & Development,Female,Caucasian,58,27-10-1995,"$70,189.00",0%,United States,Columbus,,NO,,,,,,,,,,,
Emery Acosta,Vice President,Sales,Research & Development,Female,Latino,42,09-11-2013,"$1,81,452",30%,United States,Columbus,,NO,,,,,,,,,,,
Charles Robinson,HRIS Analyst,Human Resources,Speciality Products,Male,Caucasian,26,03-12-2021,"$70,369.00",0%,United States,Seattle,,NO,,,,,,,,,,,
Landon Lopez,Sr. Analyst,Accounting,Manufacturing,Male,Latino,38,07-05-2008,"$78,056.00",0%,Brazil,Sao Paulo,,NO,,,,,,,,,,,
Miles Mehta,Director,Finance,Research & Development,Male,Asian,64,05-02-1996,"$1,89,933",23%,United States,Miami,,NO,,,,,,,,,,,
Ezra Simmons,Automation Engineer,Engineering,Speciality Products,Male,Caucasian,38,07-01-2010,"$78,237.00",0%,United States,Phoenix,,NO,,,,,,,,,,,
Nora Santiago,Analyst,Accounting,Research & Development,Female,Latino,55,26-06-1996,"$48,687.00",0%,Brazil,Rio de Janerio,,NO,,,,,,,,,,,
Caroline Herrera,Sr. Manger,Marketing,Manufacturing,Female,Latino,45,19-08-2004,"$1,21,065",15%,Brazil,Rio de Janerio,,NO,,,,,,,,,,,
David Owens,Sr. Analyst,Sales,Corporate,Male,Black,43,16-04-2004,"$94,246.00",0%,United States,Austin,,NO,,,,,,,,,,,
Avery Yee,Systems Analyst,IT,Manufacturing,Female,Asian,34,22-05-2016,"$44,614.00",0%,United States,Miami,,NO,,,,,,,,,,,
Xavier Park,Vice President,IT,Research & Development,Male,Asian,40,11-08-2020,"$2,34,469",31%,China,Chengdu,,NO,,,,,,,,,,,
Asher Morales,Automation Engineer,Engineering,Research & Development,Male,Latino,52,07-10-2020,"$88,272.00",0%,Brazil,Sao Paulo,,NO,,,,,,,,,,,
Mason Cao,Analyst II,Finance,Corporate,Male,Asian,52,14-09-2017,"$74,449.00",0%,China,Beijing,,NO,,,,,,,,,,,
Joshua Fong,Vice President,Engineering,Speciality Products,Male,Asian,47,06-11-2012,"$2,22,941",39%,China,Beijing,,NO,,,,,,,,,,,
Maria Chin,Analyst,Marketing,Manufacturing,Female,Asian,65,26-09-2013,"$50,341.00",0%,China,Beijing,,NO,,,,,,,,,,,
Eva Garcia,HRIS Analyst,Human Resources,Corporate,Female,Latino,31,04-11-2021,"$72,235.00",0%,Brazil,Manaus,,NO,,,,,,,,,,,
Anna Molina,Sr. Analyst,Accounting,Corporate,Female,Latino,41,06-12-2016,"$70,165.00",0%,United States,Columbus,,NO,,,,,,,,,,,
Logan Bryant,Sr. Manger,Marketing,Speciality Products,Male,Caucasian,30,18-07-2020,"$1,48,485",15%,United States,Miami,,NO,,,,,,,,,,,
Isla Han,Technical Architect,IT,Manufacturing,Female,Asian,58,18-06-2005,"$86,089.00",0%,United States,Chicago,,NO,,,,,,,,,,,
Christopher Vega,Engineering Manager,Engineering,Research & Development,Male,Latino,54,27-10-2007,"$1,06,313",15%,United States,Chicago,,NO,,,,,,,,,,,
Lillian Park,Analyst,Marketing,Research & Development,Female,Asian,40,24-02-2021,"$46,833.00",0%,China,Chengdu,11-10-2021, YES,,,,,,,,,,,
Kennedy Zhang,Director,Finance,Research & Development,Female,Asian,63,27-10-2000,"$1,55,320",17%,China,Chongqing,,NO,,,,,,,,,,,
Eli Han,Sr. Analyst,Accounting,Manufacturing,Male,Asian,40,15-01-2016,"$89,984.00",0%,China,Chengdu,,NO,,,,,,,,,,,
Julia Pham,Engineering Manager,Engineering,Speciality Products,Female,Asian,65,16-03-2006,"$83,756.00",14%,China,Shanghai,,NO,,,,,,,,,,,
Hailey Shin,Director,Human Resources,Corporate,Female,Asian,57,24-10-2016,"$1,76,324",23%,China,Shanghai,,NO,,,,,,,,,,,
Connor Grant,Sr. Analyst,Accounting,Speciality Products,Male,Caucasian,27,13-10-2021,"$74,077.00",0%,United States,Seattle,,NO,,,,,,,,,,,
Natalia Owens,Manager,Human Resources,Manufacturing,Female,Caucasian,31,18-01-2021,"$1,04,162",7%,United States,Austin,,NO,,,,,,,,,,,
Maria He,IT Systems Architect,IT,Corporate,Female,Asian,45,28-08-2010,"$82,162.00",0%,China,Beijing,10-03-2020, YES,,,,,,,,,,,
Jade Yi,Account Representative,Sales,Speciality Products,Female,Asian,47,07-10-2015,"$63,880.00",0%,China,Chongqing,,NO,,,,,,,,,,,
Quinn Xiong,Test Engineer,Engineering,Research & Development,Female,Asian,55,09-08-2013,"$73,248.00",0%,United States,Columbus,,NO,,,,,,,,,,,
Dominic Baker,Sr. Analyst,Accounting,Manufacturing,Male,Black,51,10-09-2020,"$91,853.00",0%,United States,Chicago,,NO,,,,,,,,,,,
Adam Nelson,Director,Finance,Speciality Products,Male,Caucasian,25,14-01-2020,"$1,68,014",27%,United States,Chicago,27-07-2021, YES,,,,,,,,,,,
Autumn Reed,Development Engineer,Engineering,Corporate,Female,Caucasian,37,17-09-2017,"$70,770.00",0%,United States,Miami,,NO,,,,,,,,,,,
Robert Edwards,HRIS Analyst,Human Resources,Corporate,Male,Caucasian,62,10-11-2004,"$50,825.00",0%,United States,Seattle,,NO,,,,,,,,,,,
Roman Martinez,Sr. Manger,Finance,Research & Development,Male,Latino,31,19-09-2015,"$1,45,846",15%,Brazil,Manaus,,NO,,,,,,,,,,,
Eleanor Li,Sr. Manger,Human Resources,Research & Development,Female,Asian,64,12-07-2003,"$1,25,807",15%,United States,Chicago,,NO,,,,,,,,,,,
Connor Vang,Analyst,Sales,Speciality Products,Male,Asian,25,28-07-2021,"$46,845.00",0%,United States,Miami,,NO,,,,,,,,,,,
Ellie Chung,Sr. Manger,Marketing,Corporate,Female,Asian,59,29-08-2008,"$1,57,969",10%,China,Chongqing,,NO,,,,,,,,,,,
Violet Hall,Solutions Architect,IT,Corporate,Female,Caucasian,40,12-10-2010,"$97,807.00",0%,United States,Chicago,,NO,,,,,,,,,,,
Dylan Padilla,HRIS Analyst,Human Resources,Manufacturing,Male,Latino,31,12-09-2015,"$73,854.00",0%,United States,Seattle,,NO,,,,,,,,,,,
Nathan Pham,Sr. Manger,Accounting,Manufacturing,Male,Asian,45,12-12-2006,"$1,49,537",14%,United States,Seattle,,NO,,,,,,,,,,,
Ayla Brown,Sr. Manger,Sales,Manufacturing,Female,Caucasian,49,15-04-2013,"$1,28,303",15%,United States,Phoenix,,NO,,,,,,,,,,,
Isaac Mitchell,Network Architect,IT,Speciality Products,Male,Black,46,06-10-2005,"$67,374.00",0%,United States,Austin,,NO,,,,,,,,,,,
Jayden Jimenez,Manager,Human Resources,Corporate,Male,Latino,46,24-09-2011,"$1,02,167",6%,Brazil,Rio de Janerio,,NO,,,,,,,,,,,
Jaxon Tran,Sr. Manger,Sales,Manufacturing,Male,Asian,45,09-07-2007,"$1,51,027",10%,China,Shanghai,,NO,,,,,,,,,,,
Connor Fong,Manager,Accounting,Speciality Products,Male,Asian,40,16-02-2018,"$1,20,905",5%,United States,Seattle,,NO,,,,,,,,,,,
Emery Mitchell,Vice President,Finance,Manufacturing,Female,Caucasian,48,06-02-2018,"$2,31,567",36%,United States,Seattle,,NO,,,,,,,,,,,
Landon Luu,Vice President,IT,Research & Development,Male,Asian,31,07-12-2015,"$2,15,388",33%,United States,Miami,,NO,,,,,,,,,,,
Sophia Ahmed,Sr. Manger,Sales,Speciality Products,Female,Asian,30,13-06-2015,"$1,27,972",11%,United States,Seattle,,NO,,,,,,,,,,,
Sofia Dinh,Operations Engineer,Engineering,Corporate,Female,Asian,55,08-04-1995,"$80,701.00",0%,United States,Chicago,14-04-2005, YES,,,,,,,,,,,
Jonathan Patel,Manager,Marketing,Corporate,Male,Asian,28,02-02-2020,"$1,15,417",6%,China,Shanghai,,NO,,,,,,,,,,,
Piper Patterson,Quality Engineer,Engineering,Corporate,Female,Caucasian,45,19-06-2019,"$88,045.00",0%,United States,Chicago,,NO,,,,,,,,,,,
Cora Evans,Computer Systems Manager,IT,Speciality Products,Female,Black,45,26-03-2018,"$86,478.00",6%,United States,Austin,,NO,,,,,,,,,,,
Cameron Young,Vice President,Engineering,Manufacturing,Male,Caucasian,63,18-01-2016,"$1,80,994",39%,United States,Seattle,,NO,,,,,,,,,,,
Melody Ho,Analyst II,Finance,Research & Development,Female,Asian,55,12-02-2007,"$64,494.00",0%,United States,Columbus,,NO,,,,,,,,,,,
Aiden Bryant,Account Representative,Sales,Manufacturing,Male,Black,47,21-10-2002,"$70,122.00",0%,United States,Columbus,,NO,,,,,,,,,,,
Grayson Walker,Director,Accounting,Manufacturing,Male,Caucasian,29,19-02-2017,"$1,81,854",29%,United States,Seattle,24-04-2020, YES,,,,,,,,,,,
Scarlett Figueroa,Business Partner,Human Resources,Speciality Products,Female,Latino,34,21-10-2016,"$52,811.00",0%,United States,Miami,,NO,,,,,,,,,,,
Madeline Hoang,Systems Analyst,IT,Research & Development,Female,Asian,28,25-10-2019,"$50,111.00",0%,China,Chengdu,,NO,,,,,,,,,,,
Ezra Simmons,Network Administrator,IT,Manufacturing,Male,Black,31,05-07-2016,"$71,192.00",0%,United States,Austin,,NO,,,,,,,,,,,
Ruby Medina,Director,Sales,Manufacturing,Female,Latino,50,18-12-2018,"$1,55,351",20%,United States,Seattle,,NO,,,,,,,,,,,
Luke Zheng,Director,Human Resources,Speciality Products,Male,Asian,39,28-11-2006,"$1,61,690",29%,China,Beijing,,NO,,,,,,,,,,,
Rylee Dinh,Development Engineer,Engineering,Speciality Products,Female,Asian,35,02-10-2017,"$60,132.00",0%,China,Chongqing,,NO,,,,,,,,,,,
Miles Evans,Network Architect,IT,Manufacturing,Male,Caucasian,54,24-10-1994,"$87,216.00",0%,United States,Miami,,NO,,,,,,,,,,,
Leo Owens,Systems Analyst,IT,Corporate,Male,Caucasian,47,23-04-2020,"$50,069.00",0%,United States,Seattle,,NO,,,,,,,,,,,
Caroline Owens,Director,IT,Speciality Products,Female,Caucasian,26,26-07-2021,"$1,51,108",22%,United States,Phoenix,,NO,,,,,,,,,,,
Kennedy Do,Computer Systems Manager,IT,Manufacturing,Female,Asian,42,15-10-2005,"$67,398.00",7%,United States,Phoenix,,NO,,,,,,,,,,,
Jade Acosta,Development Engineer,Engineering,Research & Development,Female,Latino,47,29-08-2015,"$68,488.00",0%,United States,Seattle,,NO,,,,,,,,,,,
Mila Vasquez,Quality Engineer,Engineering,Manufacturing,Female,Latino,60,16-07-1998,"$92,932.00",0%,United States,Columbus,,NO,,,,,,,,,,,
Allison Ayala,Analyst,Finance,Corporate,Female,Latino,36,30-06-2009,"$43,363.00",0%,United States,Austin,,NO,,,,,,,,,,,
Jace Zhang,Service Desk Analyst,IT,Speciality Products,Male,Asian,31,14-02-2017,"$95,963.00",0%,China,Chengdu,,NO,,,,,,,,,,,
Allison Medina,Manager,Finance,Speciality Products,Female,Latino,55,29-04-2010,"$1,11,038",5%,Brazil,Sao Paulo,,NO,,,,,,,,,,,
Maria Wilson,Vice President,Engineering,Research & Development,Female,Caucasian,51,14-06-1996,"$2,00,246",34%,United States,Columbus,,NO,,,,,,,,,,,
Everly Coleman,Vice President,IT,Corporate,Female,Caucasian,48,18-02-2015,"$1,94,871",35%,United States,Columbus,,NO,,,,,,,,,,,
Jordan Gomez,Sr. Analyst,Accounting,Research & Development,Male,Latino,58,15-09-1994,"$98,769.00",0%,Brazil,Rio de Janerio,10-03-2016, YES,,,,,,,,,,,
Isla Chavez,Account Representative,Sales,Research & Development,Female,Latino,29,19-05-2018,"$65,334.00",0%,Brazil,Rio de Janerio,,NO,,,,,,,,,,,
Hannah Gomez,Technical Architect,IT,Manufacturing,Female,Latino,25,05-11-2021,"$83,934.00",0%,United States,Miami,,NO,,,,,,,,,,,
Jacob Davis,Director,Accounting,Research & Development,Male,Caucasian,36,09-03-2016,"$1,50,399",28%,United States,Chicago,,NO,,,,,,,,,,,
Eli Gupta,Director,Human Resources,Research & Development,Male,Asian,37,19-05-2012,"$1,60,280",19%,China,Beijing,,NO,,,,,,,,,,,
Andrew Huynh,Business Partner,Human Resources,Speciality Products,Male,Asian,57,28-04-1997,"$54,051.00",0%,United States,Miami,10-11-1998, YES,,,,,,,,,,,
Anna Gutierrez,Director,Engineering,Research & Development,Female,Latino,59,15-04-2003,"$1,50,699",29%,Brazil,Sao Paulo,,NO,,,,,,,,,,,
Samuel Vega,Analyst II,Marketing,Speciality Products,Male,Latino,37,30-03-2013,"$69,570.00",0%,United States,Miami,,NO,,,,,,,,,,,
Liliana Do,Service Desk Analyst,IT,Manufacturing,Female,Asian,30,29-03-2019,"$86,774.00",0%,China,Chengdu,,NO,,,,,,,,,,,
Isaac Sanders,HRIS Analyst,Human Resources,Manufacturing,Male,Caucasian,49,29-03-2001,"$57,606.00",0%,United States,Miami,,NO,,,,,,,,,,,
Raelynn Gupta,Sr. Manger,Finance,Corporate,Female,Asian,48,09-10-2001,"$1,25,730",11%,China,Chongqing,,NO,,,,,,,,,,,
Genesis Xiong,System Administrator,IT,Research & Development,Female,Asian,51,25-02-2012,"$64,170.00",0%,United States,Columbus,,NO,,,,,,,,,,,
Lucas Ramos,Sr. Business Partner,Human Resources,Speciality Products,Male,Latino,56,21-01-1998,"$72,303.00",0%,United States,Phoenix,,NO,,,,,,,,,,,
Santiago f Gonzalez,Manager,Sales,Research & Development,Male,Latino,36,26-07-2012,"$1,05,891",7%,United States,Seattle,,NO,,,,,,,,,,,
Henry Zhu,Vice President,Marketing,Speciality Products,Male,Asian,38,25-08-2021,"$2,55,230",36%,United States,Austin,,NO,,,,,,,,,,,
Emily Contreras,Analyst II,Sales,Manufacturing,Female,Latino,56,15-06-1992,"$59,591.00",0%,Brazil,Sao Paulo,,NO,,,,,,,,,,,
Hailey Lai,Vice President,Human Resources,Manufacturing,Female,Asian,52,23-07-2012,"$1,87,048",32%,China,Chengdu,,NO,,,,,,,,,,,
Vivian Guzman,Analyst II,Finance,Speciality Products,Female,Latino,53,02-09-2002,"$58,605.00",0%,United States,Phoenix,,NO,,,,,,,,,,,
Hadley Contreras,Director,Engineering,Corporate,Female,Latino,60,01-04-2017,"$1,78,502",20%,United States,Austin,,NO,,,,,,,,,,,
Nathan Sun,Manager,Accounting,Speciality Products,Male,Asian,63,29-07-2015,"$1,03,724",5%,China,Shanghai,,NO,,,,,,,,,,,
Grace Campos,Director,Engineering,Research & Development,Female,Latino,37,21-03-2008,"$1,56,277",22%,Brazil,Manaus,,NO,,,,,,,,,,,
Autumn Ortiz,Field Engineer,Engineering,Research & Development,Female,Latino,30,17-12-2017,"$87,744.00",0%,Brazil,Sao Paulo,,NO,,,,,,,,,,,
Connor Walker,Analyst II,Finance,Manufacturing,Male,Caucasian,30,18-03-2019,"$54,714.00",0%,United States,Columbus,,NO,,,,,,,,,,,
Mia Wu,Enterprise Architect,IT,Corporate,Female,Asian,45,25-08-2013,"$99,169.00",0%,China,Beijing,,NO,,,,,,,,,,,
Julia Luong,Sr. Manger,Accounting,Research & Development,Female,Asian,55,20-06-2006,"$1,42,628",12%,China,Chongqing,,NO,,,,,,,,,,,
Eleanor Delgado,Sr. Analyst,Marketing,Manufacturing,Female,Latino,33,27-04-2014,"$75,869.00",0%,Brazil,Sao Paulo,,NO,,,,,,,,,,,
Addison Roberts,Network Architect,IT,Manufacturing,Female,Caucasian,65,14-05-2018,"$60,985.00",0%,United States,Seattle,,NO,,,,,,,,,,,
Camila Li,Sr. Manger,IT,Research & Development,Female,Asian,60,24-07-2010,"$1,26,911",10%,China,Shanghai,,NO,,,,,,,,,,,
Ezekiel Fong,Vice President,Sales,Research & Development,Male,Asian,56,25-02-2004,"$2,16,949",32%,China,Shanghai,,NO,,,,,,,,,,,
Dylan Thao,Director,Engineering,Manufacturing,Male,Asian,53,22-10-2012,"$1,68,510",29%,United States,Seattle,,NO,,,,,,,,,,,
Josephine Salazar,Field Engineer,Engineering,Speciality Products,Female,Latino,36,14-03-2016,"$85,870.00",0%,Brazil,Sao Paulo,,NO,,,,,,,,,,,
Genesis Hu,Sr. Analyst,Marketing,Corporate,Female,Asian,46,15-01-2002,"$86,510.00",0%,China,Beijing,01-02-2003, YES,,,,,,,,,,,
Mila Juarez,Manager,Sales,Speciality Products,Female,Latino,38,21-09-2017,"$1,19,647",9%,Brazil,Sao Paulo,,NO,,,,,,,,,,,
Daniel Perry,Enterprise Architect,IT,Research & Development,Male,Caucasian,62,15-04-2001,"$80,921.00",0%,United States,Columbus,,NO,,,,,,,,,,,
Paisley Hunter,Engineering Manager,Engineering,Research & Development,Female,Caucasian,61,15-01-2010,"$98,110.00",13%,United States,Chicago,,NO,,,,,,,,,,,
Everleigh White,Network Architect,IT,Speciality Products,Female,Caucasian,59,20-10-2017,"$86,831.00",0%,United States,Phoenix,,NO,,,,,,,,,,,
Penelope Choi,Technical Architect,IT,Speciality Products,Female,Asian,49,09-10-2010,"$72,826.00",0%,China,Beijing,,NO,,,,,,,,,,,
Piper Sun,Director,Marketing,Manufacturing,Female,Asian,64,14-02-2011,"$1,71,217",19%,United States,Seattle,,NO,,,,,,,,,,,
Lucy Johnson,Manager,IT,Research & Development,Female,Caucasian,57,27-04-2020,"$1,03,058",7%,United States,Columbus,,NO,,,,,,,,,,,
Ian Ngo,Manager,Sales,Speciality Products,Male,Asian,52,08-07-2014,"$1,17,062",7%,United States,Phoenix,,NO,,,,,,,,,,,
Joseph Vazquez,Sr. Manger,Accounting,Speciality Products,Male,Latino,40,23-01-2019,"$1,59,031",10%,United States,Miami,,NO,,,,,,,,,,,
Hadley Guerrero,Sr. Manger,IT,Research & Development,Female,Latino,49,14-01-2004,"$1,25,086",10%,Brazil,Sao Paulo,,NO,,,,,,,,,,,
Jose Brown,System Administrator,IT,Speciality Products,Male,Caucasian,43,04-07-2016,"$67,976.00",0%,United States,Seattle,,NO,,,,,,,,,,,
Benjamin Ford,Analyst II,Finance,Speciality Products,Male,Caucasian,31,22-04-2021,"$74,215.00",0%,United States,Phoenix,,NO,,,,,,,,,,,
Henry Shah,Director,Accounting,Manufacturing,Male,Asian,55,06-11-2010,"$1,87,389",25%,China,Chengdu,,NO,,,,,,,,,,,
Ivy Daniels,Sr. Manger,Human Resources,Speciality Products,Female,Caucasian,41,26-10-2008,"$1,31,841",13%,United States,Columbus,,NO,,,,,,,,,,,
Thomas Chang,Sr. Analyst,Accounting,Research & Development,Male,Asian,34,26-07-2011,"$97,231.00",0%,China,Beijing,,NO,,,,,,,,,,,
Caroline Phan,Sr. Manger,Finance,Corporate,Female,Asian,41,14-03-2004,"$1,55,004",12%,United States,Austin,,NO,,,,,,,,,,,
Maverick Mehta,Systems Analyst,IT,Manufacturing,Male,Asian,40,30-07-2007,"$41,859.00",0%,United States,Seattle,,NO,,,,,,,,,,,
Austin Edwards,IT Coordinator,IT,Manufacturing,Male,Black,42,24-09-2006,"$52,733.00",0%,United States,Chicago,,NO,,,,,,,,,,,
Daniel Huang,Vice President,Human Resources,Corporate,Male,Asian,31,09-03-2015,"$2,50,953",34%,United States,Columbus,,NO,,,,,,,,,,,
Lucas Phan,Director,Marketing,Research & Development,Male,Asian,49,19-02-1999,"$1,91,807",21%,China,Chongqing,,NO,,,,,,,,,,,
Gabriel Yu,Technical Architect,IT,Speciality Products,Male,Asian,42,23-06-2014,"$64,677.00",0%,China,Chongqing,,NO,,,,,,,,,,,
Mason Watson,Sr. Manger,IT,Corporate,Male,Caucasian,46,14-09-2004,"$1,30,274",11%,United States,Chicago,,NO,,,,,,,,,,,
Angel Chang,Network Architect,IT,Research & Development,Male,Asian,37,07-06-2017,"$96,331.00",0%,China,Shanghai,,NO,,,,,,,,,,,
Madeline Coleman,Sr. Manger,Finance,Research & Development,Female,Caucasian,51,28-04-2006,"$1,50,758",13%,United States,Chicago,16-08-2007, YES,,,,,,,,,,,
Thomas Vazquez,Director,Engineering,Corporate,Male,Latino,46,19-07-2014,"$1,73,629",21%,Brazil,Sao Paulo,,NO,,,,,,,,,,,
Silas Hunter,Solutions Architect,IT,Corporate,Male,Black,55,05-04-1998,"$62,174.00",0%,United States,Chicago,,NO,,,,,,,,,,,
Nicholas Brooks,Analyst II,Accounting,Manufacturing,Male,Caucasian,43,20-10-2017,"$56,555.00",0%,United States,Phoenix,,NO,,,,,,,,,,,
Dominic Thomas,Analyst II,Marketing,Manufacturing,Male,Caucasian,48,28-09-2005,"$74,655.00",0%,United States,Austin,,NO,,,,,,,,,,,
Wesley Adams,System Administrator,IT,Corporate,Male,Caucasian,48,08-11-2003,"$93,017.00",0%,United States,Seattle,,NO,,,,,,,,,,,
Ian Wu,Sr. Analyst,Marketing,Manufacturing,Male,Asian,51,14-04-2012,"$82,300.00",0%,China,Chengdu,,NO,,,,,,,,,,,
Alice Young,Automation Engineer,Engineering,Research & Development,Female,Caucasian,46,24-01-2008,"$91,621.00",0%,United States,Chicago,,NO,,,,,,,,,,,
Logan Carrillo,Sr. Analyst,Marketing,Research & Development,Male,Latino,33,30-11-2014,"$91,280.00",0%,United States,Miami,,NO,,,,,,,,,,,
Caroline Alexander,Business Partner,Human Resources,Manufacturing,Female,Black,42,18-09-2020,"$47,071.00",0%,United States,Columbus,,NO,,,,,,,,,,,
Serenity Bailey,IT Systems Architect,IT,Manufacturing,Female,Caucasian,55,21-11-2011,"$81,218.00",0%,United States,Chicago,,NO,,,,,,,,,,,
Elena Tan,Vice President,Engineering,Manufacturing,Female,Asian,50,13-10-2008,"$1,81,801",40%,China,Chongqing,12-11-2019, YES,,,,,,,,,,,
Eliza Adams,Account Representative,Sales,Manufacturing,Female,Caucasian,26,21-11-2021,"$63,137.00",0%,United States,Chicago,,NO,,,,,,,,,,,
Alice Xiong,Vice President,Engineering,Manufacturing,Female,Asian,55,09-02-2018,"$2,21,465",34%,China,Chengdu,,NO,,,,,,,,,,,
Isla Yoon,Quality Engineer,Engineering,Research & Development,Female,Asian,50,05-10-2013,"$79,388.00",0%,United States,Austin,08-04-2019, YES,,,,,,,,,,,
Emma Perry,Solutions Architect,IT,Manufacturing,Female,Caucasian,28,22-01-2018,"$68,176.00",0%,United States,Seattle,,NO,,,,,,,,,,,
Riley Marquez,Sr. Manger,Finance,Research & Development,Female,Latino,39,18-10-2019,"$1,22,829",11%,United States,Chicago,,NO,,,,,,,,,,,
Caroline Hu,Sr. Manger,Marketing,Speciality Products,Female,Asian,31,18-08-2019,"$1,26,353",12%,China,Shanghai,,NO,,,,,,,,,,,
Madison Kumar,Director,Accounting,Speciality Products,Female,Asian,55,17-10-2010,"$1,88,727",23%,China,Chengdu,,NO,,,,,,,,,,,
Matthew Lim,Sr. Analyst,Sales,Research & Development,Male,Asian,52,18-02-1994,"$99,624.00",0%,United States,Seattle,,NO,,,,,,,,,,,
Maya Ngo,Manager,Sales,Speciality Products,Female,Asian,55,20-10-2012,"$1,08,686",6%,United States,Columbus,,NO,,,,,,,,,,,
Alice Soto,Analyst,Accounting,Corporate,Female,Latino,56,13-04-1995,"$50,857.00",0%,Brazil,Manaus,,NO,,,,,,,,,,,
Andrew Moore,Operations Engineer,Engineering,Manufacturing,Male,Caucasian,47,01-02-2001,"$1,20,628",0%,United States,Chicago,,NO,,,,,,,,,,,
Olivia Harris,Director,Sales,Speciality Products,Female,Caucasian,63,14-06-2020,"$1,81,216",27%,United States,Columbus,,NO,,,,,,,,,,,
Genesis Banks,Analyst,Finance,Corporate,Female,Caucasian,63,16-03-2012,"$46,081.00",0%,United States,Chicago,,NO,,,,,,,,,,,
Victoria Johnson,Sr. Manger,Accounting,Corporate,Female,Caucasian,55,28-05-2004,"$1,59,885",12%,United States,Columbus,,NO,,,,,,,,,,,
Eloise Griffin,Director,Sales,Manufacturing,Female,Caucasian,55,29-10-1995,"$1,53,271",15%,United States,Austin,,NO,,,,,,,,,,,
Roman Yang,Manager,Human Resources,Manufacturing,Male,Asian,42,12-12-2009,"$1,14,242",8%,United States,Phoenix,,NO,,,,,,,,,,,
Clara Huynh,IT Coordinator,IT,Speciality Products,Female,Asian,39,18-11-2020,"$48,415.00",0%,China,Shanghai,,NO,,,,,,,,,,,
Kai Flores,Development Engineer,Engineering,Manufacturing,Male,Latino,35,23-05-2017,"$65,566.00",0%,United States,Seattle,,NO,,,,,,,,,,,
Jaxson Dinh,Sr. Manger,Marketing,Research & Development,Male,Asian,45,05-03-2001,"$1,47,752",12%,China,Shanghai,26-12-2011, YES,,,,,,,,,,,
Sophie Vang,Sr. Manger,Marketing,Manufacturing,Female,Asian,25,14-09-2021,"$1,36,810",14%,China,Chongqing,,NO,,,,,,,,,,,
Axel Jordan,Analyst,Sales,Corporate,Male,Caucasian,47,28-02-2013,"$54,635.00",0%,United States,Chicago,,NO,,,,,,,,,,,
Jade Hunter,Cloud Infrastructure Architect,IT,Corporate,Female,Caucasian,42,02-05-2020,"$96,636.00",0%,United States,Columbus,,NO,,,,,,,,,,,
Lydia Williams,System Administrator,IT,Manufacturing,Female,Black,35,29-10-2014,"$91,592.00",0%,United States,Chicago,,NO,,,,,,,,,,,
Emery Chang,Business Partner,Human Resources,Research & Development,Female,Asian,45,17-08-2000,"$55,563.00",0%,China,Chengdu,,NO,,,,,,,,,,,
Savannah He,Director,IT,Research & Development,Female,Asian,52,14-02-1996,"$1,59,724",23%,China,Beijing,,NO,,,,,,,,,,,
Elias Ahmed,Vice President,Marketing,Corporate,Male,Asian,57,08-04-2017,"$1,83,190",36%,United States,Chicago,,NO,,,,,,,,,,,
Samantha Woods,Analyst,Accounting,Speciality Products,Female,Caucasian,56,25-12-2019,"$54,829.00",0%,United States,Phoenix,,NO,,,,,,,,,,,
Axel Soto,Quality Engineer,Engineering,Corporate,Male,Latino,46,22-04-2005,"$96,639.00",0%,Brazil,Rio de Janerio,,NO,,,,,,,,,,,
Amelia Choi,Manager,Marketing,Speciality Products,Female,Asian,43,06-11-2006,"$1,17,278",9%,United States,Miami,,NO,,,,,,,,,,,
Jacob Khan,Computer Systems Manager,IT,Speciality Products,Male,Asian,53,02-09-2008,"$84,193.00",9%,China,Shanghai,,NO,,,,,,,,,,,
Luna Taylor,Network Administrator,IT,Manufacturing,Female,Caucasian,47,28-07-2018,"$87,806.00",0%,United States,Seattle,,NO,,,,,,,,,,,
Dominic Parker,Test Engineer,Engineering,Research & Development,Male,Caucasian,62,10-04-2011,"$63,959.00",0%,United States,Seattle,,NO,,,,,,,,,,,
Angel Xiong,Vice President,IT,Research & Development,Male,Asian,35,06-11-2015,"$2,34,723",36%,China,Shanghai,,NO,,,,,,,,,,,
Emma Cao,Analyst,Accounting,Corporate,Female,Asian,27,24-08-2019,"$50,809.00",0%,China,Chongqing,,NO,,,,,,,,,,,
Ezekiel Bryant,Sr. Analyst,Finance,Manufacturing,Male,Caucasian,55,19-07-2002,"$77,396.00",0%,United States,Miami,,NO,,,,,,,,,,,
Natalie Hwang,Sr. Analyst,Finance,Speciality Products,Female,Asian,63,31-12-1999,"$89,523.00",0%,United States,Phoenix,,NO,,,,,,,,,,,
Adeline Yang,Cloud Infrastructure Architect,IT,Corporate,Female,Asian,53,20-07-2011,"$86,173.00",0%,China,Chongqing,,NO,,,,,,,,,,,
Allison Roberts,Vice President,Sales,Manufacturing,Female,Black,54,19-08-2000,"$2,22,224",38%,United States,Columbus,,NO,,,,,,,,,,,
Andrew Do,Sr. Manger,Finance,Research & Development,Male,Asian,43,17-04-2021,"$1,46,140",15%,United States,Seattle,,NO,,,,,,,,,,,
Eliana Grant,Engineering Manager,Engineering,Speciality Products,Female,Caucasian,64,20-06-1994,"$1,09,456",10%,United States,Chicago,,NO,,,,,,,,,,,
Mila Soto,Director,Finance,Research & Development,Female,Latino,65,10-07-2008,"$1,70,221",15%,Brazil,Manaus,,NO,,,,,,,,,,,
Gabriella Johnson,Computer Systems Manager,IT,Research & Development,Female,Caucasian,42,03-01-2006,"$97,433.00",5%,United States,Seattle,08-08-2015, YES,,,,,,,,,,,
Jonathan Khan,Account Representative,Sales,Manufacturing,Male,Asian,35,30-08-2013,"$59,646.00",0%,China,Shanghai,,NO,,,,,,,,,,,
Elias Dang,Director,Engineering,Speciality Products,Male,Asian,64,29-08-1995,"$1,58,787",18%,China,Chengdu,,NO,,,,,,,,,,,
Theodore Ngo,Controls Engineer,Engineering,Research & Development,Male,Asian,55,29-04-2018,"$83,378.00",0%,China,Beijing,,NO,,,,,,,,,,,
Bella Lopez,Sr. Analyst,Marketing,Corporate,Female,Latino,32,11-12-2013,"$88,895.00",0%,United States,Chicago,,NO,,,,,,,,,,,
Luca Truong,Director,Marketing,Corporate,Male,Asian,45,12-11-2004,"$1,68,846",24%,China,Chongqing,,NO,,,,,,,,,,,
Nathan Lau,Business Partner,Human Resources,Research & Development,Male,Asian,35,22-02-2011,"$43,336.00",0%,United States,Austin,07-12-2020, YES,,,,,,,,,,,
Henry Campos,Sr. Manger,Human Resources,Corporate,Male,Latino,38,27-09-2009,"$1,27,801",15%,United States,Phoenix,,NO,,,,,,,,,,,
Connor Bell,Network Administrator,IT,Corporate,Male,Black,54,04-01-2000,"$76,352.00",0%,United States,Austin,,NO,,,,,,,,,,,
Angel Stewart,Vice President,Finance,Corporate,Male,Caucasian,28,22-06-2019,"$2,50,767",38%,United States,Seattle,,NO,,,,,,,,,,,
Landon Brown,Vice President,Marketing,Corporate,Male,Caucasian,26,27-09-2020,"$2,23,055",30%,United States,Columbus,,NO,,,,,,,,,,,
Nicholas Rivera,Director,Engineering,Corporate,Male,Latino,45,13-04-2007,"$1,89,680",23%,Brazil,Sao Paulo,,NO,,,,,,,,,,,
Gabriel Carter,Test Engineer,Engineering,Manufacturing,Male,Caucasian,57,18-07-2018,"$71,167.00",0%,United States,Columbus,,NO,,,,,,,,,,,
Leilani Baker,Technical Architect,IT,Speciality Products,Female,Caucasian,59,04-04-2010,"$76,027.00",0%,United States,Seattle,,NO,,,,,,,,,,,
Ian Flores,Director,Engineering,Corporate,Male,Latino,48,12-10-2019,"$1,83,113",24%,Brazil,Rio de Janerio,,NO,,,,,,,,,,,
Hudson Thompson,Analyst II,Accounting,Manufacturing,Male,Black,30,20-10-2020,"$67,753.00",0%,United States,Phoenix,,NO,,,,,,,,,,,
Ian Miller,Computer Systems Manager,IT,Corporate,Male,Black,31,13-10-2016,"$63,744.00",8%,United States,Austin,,NO,,,,,,,,,,,
Harper Chin,Quality Engineer,Engineering,Manufacturing,Female,Asian,50,07-09-2002,"$92,209.00",0%,China,Shanghai,,NO,,,,,,,,,,,
Santiago f Brooks,Sr. Manger,Sales,Corporate,Male,Black,51,09-01-2000,"$1,57,487",12%,United States,Phoenix,,NO,,,,,,,,,,,
Dylan Dominguez,Sr. Analyst,Marketing,Research & Development,Male,Latino,42,04-07-2015,"$99,697.00",0%,Brazil,Rio de Janerio,,NO,,,,,,,,,,,
Everett Lee,Network Administrator,IT,Research & Development,Male,Asian,45,26-02-2010,"$90,770.00",0%,United States,Columbus,,NO,,,,,,,,,,,
Madelyn Mehta,Analyst,Sales,Speciality Products,Female,Asian,64,28-01-2005,"$55,369.00",0%,United States,Phoenix,,NO,,,,,,,,,,,
Athena Vasquez,Field Engineer,Engineering,Speciality Products,Female,Latino,59,16-09-2014,"$69,578.00",0%,Brazil,Rio de Janerio,,NO,,,,,,,,,,,
William Watson,Director,Accounting,Speciality Products,Male,Caucasian,41,06-04-2013,"$1,67,526",26%,United States,Miami,,NO,,,,,,,,,,,
Everleigh Nunez,Field Engineer,Engineering,Speciality Products,Female,Latino,42,02-05-2021,"$65,507.00",0%,Brazil,Manaus,,NO,,,,,,,,,,,
Leo Fernandez,Manager,Finance,Research & Development,Male,Latino,54,28-04-1998,"$1,08,268",9%,Brazil,Sao Paulo,15-05-2004, YES,,,,,,,,,,,
Joshua Lin,Technical Architect,IT,Research & Development,Male,Asian,37,02-05-2016,"$80,055.00",0%,China,Beijing,,NO,,,,,,,,,,,
Alexander Rivera,Sr. Analyst,Sales,Research & Development,Male,Latino,58,27-04-2009,"$76,802.00",0%,Brazil,Manaus,,NO,,,,,,,,,,,
David Desai,Vice President,Sales,Speciality Products,Male,Asian,47,22-11-2016,"$2,53,249",31%,United States,Austin,,NO,,,,,,,,,,,
Aubrey Yoon,Sr. Business Partner,Human Resources,Research & Development,Female,Asian,60,11-11-2005,"$78,388.00",0%,China,Chongqing,,NO,,,,,,,,,,,
Grayson Brown,Vice President,IT,Corporate,Male,Caucasian,38,22-06-2016,"$2,49,870",34%,United States,Chicago,,NO,,,,,,,,,,,
Noah Chen,Sr. Manger,Marketing,Manufacturing,Male,Asian,63,03-01-2015,"$1,48,321",15%,China,Beijing,,NO,,,,,,,,,,,
Ella Nguyen,Service Desk Analyst,IT,Corporate,Female,Asian,60,02-10-2004,"$90,258.00",0%,China,Chongqing,,NO,,,,,,,,,,,
Athena Jordan,System Administrator,IT,Manufacturing,Female,Black,42,19-02-2011,"$72,486.00",0%,United States,Seattle,,NO,,,,,,,,,,,
Adrian Ruiz,Sr. Analyst,Finance,Corporate,Male,Latino,34,09-04-2014,"$95,499.00",0%,Brazil,Sao Paulo,08-11-2017, YES,,,,,,,,,,,
Zoe Sanchez,Sr. Analyst,Accounting,Research & Development,Female,Latino,53,23-12-2004,"$90,212.00",0%,Brazil,Sao Paulo,,NO,,,,,,,,,,,
Jameson Chen,Vice President,Marketing,Research & Development,Male,Asian,39,12-05-2019,"$2,54,057",39%,China,Shanghai,,NO,,,,,,,,,,,
Liliana Soto,Business Partner,Human Resources,Manufacturing,Female,Latino,58,10-12-2010,"$43,001.00",0%,United States,Austin,,NO,,,,,,,,,,,
Lincoln Reyes,Computer Systems Manager,IT,Manufacturing,Male,Latino,60,08-03-1998,"$85,120.00",9%,United States,Seattle,,NO,,,,,,,,,,,
Grayson Soto,Business Partner,Human Resources,Manufacturing,Male,Latino,34,08-03-2015,"$52,200.00",0%,United States,Columbus,,NO,,,,,,,,,,,
Julia Morris,Sr. Manger,Human Resources,Corporate,Female,Caucasian,60,18-10-2008,"$1,50,855",11%,United States,Phoenix,,NO,,,,,,,,,,,
Ava Ortiz,Enterprise Architect,IT,Manufacturing,Female,Latino,53,20-07-2004,"$65,702.00",0%,United States,Columbus,,NO,,,,,,,,,,,
Carson Chau,Director,Finance,Corporate,Male,Asian,58,10-12-2007,"$1,62,038",24%,China,Chongqing,,NO,,,,,,,,,,,
Lillian Chen,Sr. Manger,Marketing,Research & Development,Female,Asian,25,04-09-2020,"$1,57,057",10%,United States,Columbus,,NO,,,,,,,,,,,
Josiah Lewis,Manager,IT,Research & Development,Male,Caucasian,46,08-11-2021,"$1,27,559",10%,United States,Austin,,NO,,,,,,,,,,,
Claire Jones,Field Engineer,Engineering,Corporate,Female,Caucasian,39,03-12-2019,"$62,644.00",0%,United States,Seattle,,NO,,,,,,,,,,,
Jeremiah Lu,Network Architect,IT,Manufacturing,Male,Asian,50,03-06-2001,"$73,907.00",0%,China,Shanghai,,NO,,,,,,,,,,,
Nova Hill,Sr. Analyst,Accounting,Manufacturing,Female,Caucasian,56,03-10-2018,"$90,040.00",0%,United States,Chicago,,NO,,,,,,,,,,,
Peyton Cruz,Development Engineer,Engineering,Manufacturing,Female,Latino,30,26-05-2016,"$91,134.00",0%,Brazil,Sao Paulo,,NO,,,,,,,,,,,
Naomi Zhao,Vice President,Human Resources,Speciality Products,Female,Asian,45,22-09-2021,"$2,01,396",32%,United States,Miami,,NO,,,,,,,,,,,
Rylee Bui,Analyst,Accounting,Corporate,Female,Asian,55,22-12-2011,"$54,733.00",0%,China,Chongqing,,NO,,,,,,,,,,,
Andrew Reed,System Administrator,IT,Corporate,Male,Black,28,17-06-2019,"$65,341.00",0%,United States,Miami,04-11-2022, YES,,,,,,,,,,,
Brooklyn Collins,Sr. Manger,Finance,Corporate,Female,Black,59,27-10-2018,"$1,39,208",11%,United States,Austin,,NO,,,,,,,,,,,
John Jung,Sr. Analyst,Sales,Speciality Products,Male,Asian,63,03-12-2018,"$73,200.00",0%,China,Shanghai,,NO,,,,,,,,,,,
Samantha Aguilar,Manager,Accounting,Speciality Products,Female,Latino,46,24-04-2010,"$1,02,636",6%,United States,Seattle,,NO,,,,,,,,,,,
Madeline Acosta,Sr. Account Representative,Sales,Speciality Products,Female,Latino,26,02-09-2021,"$87,427.00",0%,Brazil,Sao Paulo,,NO,,,,,,,,,,,
Ethan Joseph,IT Coordinator,IT,Research & Development,Male,Caucasian,45,28-05-2018,"$49,219.00",0%,United States,Columbus,,NO,,,,,,,,,,,
Miles Mehta,Manager,Finance,Manufacturing,Male,Asian,50,19-05-2018,"$1,06,437",7%,China,Chongqing,,NO,,,,,,,,,,,
Joshua Juarez,Analyst II,Finance,Manufacturing,Male,Latino,46,05-05-2015,"$64,364.00",0%,Brazil,Sao Paulo,,NO,,,,,,,,,,,
Matthew Howard,Director,Human Resources,Manufacturing,Male,Caucasian,50,17-10-2021,"$1,72,180",30%,United States,Columbus,,NO,,,,,,,,,,,
Jade Figueroa,Sr. Analyst,Sales,Manufacturing,Female,Latino,33,14-05-2012,"$88,343.00",0%,Brazil,Rio de Janerio,,NO,,,,,,,,,,,
Everett Morales,Solutions Architect,IT,Speciality Products,Male,Latino,57,07-10-2014,"$66,649.00",0%,Brazil,Rio de Janerio,,NO,,,,,,,,,,,
Genesis Hunter,Manager,Finance,Corporate,Female,Caucasian,48,22-04-1999,"$1,02,847",5%,United States,Chicago,,NO,,,,,,,,,,,
Henry Figueroa,Sr. Manger,Finance,Manufacturing,Male,Latino,46,19-07-2010,"$1,34,881",15%,Brazil,Manaus,,NO,,,,,,,,,,,
Nicholas Song,Analyst II,Marketing,Manufacturing,Male,Asian,52,23-05-1999,"$68,807.00",0%,China,Chengdu,30-11-2015, YES,,,,,,,,,,,
Jack Alexander,Vice President,IT,Manufacturing,Male,Caucasian,56,29-05-2006,"$2,28,822",36%,United States,Miami,,NO,,,,,,,,,,,
Jameson Foster,Analyst,Marketing,Manufacturing,Male,Caucasian,28,18-07-2021,"$43,391.00",0%,United States,Columbus,,NO,,,,,,,,,,,
Leonardo Lo,Quality Engineer,Engineering,Speciality Products,Male,Asian,29,15-11-2021,"$91,782.00",0%,China,Chongqing,,NO,,,,,,,,,,,
Ella Huang,Vice President,Marketing,Corporate,Female,Asian,45,28-02-2016,"$2,11,637",31%,United States,Chicago,,NO,,,,,,,,,,,
Liam Jordan,Computer Systems Manager,IT,Manufacturing,Male,Caucasian,28,08-08-2020,"$73,255.00",9%,United States,Phoenix,,NO,,,,,,,,,,,
Isaac Woods,Manager,Sales,Corporate,Male,Caucasian,28,01-08-2021,"$1,08,826",10%,United States,Miami,,NO,,,,,,,,,,,
Luke Wilson,Solutions Architect,IT,Speciality Products,Male,Caucasian,34,24-05-2016,"$94,352.00",0%,United States,Miami,,NO,,,,,,,,,,,
Lyla Alvarez,IT Systems Architect,IT,Research & Development,Female,Latino,55,30-08-1994,"$73,955.00",0%,United States,Phoenix,,NO,,,,,,,,,,,
Caleb Flores,Manager,Human Resources,Manufacturing,Male,Latino,34,13-08-2013,"$1,13,909",6%,Brazil,Rio de Janerio,,NO,,,,,,,,,,,
Angel Lin,Network Administrator,IT,Manufacturing,Male,Asian,27,24-12-2020,"$92,321.00",0%,United States,Chicago,,NO,,,,,,,,,,,
Easton Moore,Computer Systems Manager,IT,Research & Development,Male,Caucasian,52,23-05-2013,"$99,557.00",9%,United States,Seattle,,NO,,,,,,,,,,,
Kinsley Collins,Automation Engineer,Engineering,Speciality Products,Female,Caucasian,28,14-11-2018,"$1,15,854",0%,United States,Phoenix,,NO,,,,,,,,,,,
Brooklyn Salazar,IT Systems Architect,IT,Manufacturing,Female,Latino,44,03-01-2011,"$82,462.00",0%,United States,Austin,,NO,,,,,,,,,,,
Scarlett Jenkins,Vice President,IT,Research & Development,Female,Caucasian,53,11-09-2011,"$1,98,473",32%,United States,Miami,,NO,,,,,,,,,,,
Melody Chin,Sr. Manger,Finance,Corporate,Female,Asian,43,15-10-2006,"$1,53,492",11%,United States,Chicago,,NO,,,,,,,,,,,
Eloise Alexander,Vice President,Human Resources,Corporate,Female,Black,28,21-01-2018,"$2,08,210",30%,United States,Seattle,,NO,,,,,,,,,,,
Carter Turner,Sr. Analyst,Marketing,Corporate,Male,Caucasian,33,17-11-2015,"$91,632.00",0%,United States,Phoenix,,NO,,,,,,,,,,,
Andrew Ma,HRIS Analyst,Human Resources,Corporate,Male,Asian,31,24-09-2017,"$71,755.00",0%,China,Chongqing,,NO,,,,,,,,,,,
Hailey Xi,Manager,Accounting,Corporate,Female,Asian,52,19-11-2021,"$1,11,006",8%,China,Chongqing,,NO,,,,,,,,,,,
Aiden Le,Cloud Infrastructure Architect,IT,Corporate,Male,Asian,55,24-12-1994,"$99,774.00",0%,United States,Austin,,NO,,,,,,,,,,,
Christopher Lim,Director,IT,Research & Development,Male,Asian,55,13-03-2007,"$1,84,648",24%,China,Shanghai,,NO,,,,,,,,,,,
James Castillo,Vice President,IT,Manufacturing,Male,Latino,51,19-07-2001,"$2,47,874",33%,Brazil,Manaus,,NO,,,,,,,,,,,
Greyson Dang,Development Engineer,Engineering,Manufacturing,Male,Asian,60,05-11-2009,"$62,239.00",0%,China,Beijing,,NO,,,,,,,,,,,
Hannah King,Manager,Accounting,Speciality Products,Female,Caucasian,31,10-07-2014,"$1,14,911",7%,United States,Chicago,,NO,,,,,,,,,,,
Wesley Dominguez,Engineering Manager,Engineering,Corporate,Male,Latino,45,27-04-2018,"$1,15,490",12%,United States,Chicago,,NO,,,,,,,,,,,
Dominic Hu,Manager,Accounting,Speciality Products,Male,Asian,34,13-02-2012,"$1,18,708",7%,China,Shanghai,,NO,,,,,,,,,,,
Nora Park,Director,Accounting,Speciality Products,Female,Asian,29,28-06-2017,"$1,97,649",20%,United States,Columbus,,NO,,,,,,,,,,,
Audrey Hwang,Sr. Analyst,Accounting,Speciality Products,Female,Asian,45,17-06-2020,"$89,841.00",0%,China,Beijing,,NO,,,,,,,,,,,
Ella Jenkins,Analyst II,Finance,Speciality Products,Female,Caucasian,52,20-12-2019,"$61,026.00",0%,United States,Phoenix,,NO,,,,,,,,,,,
Peyton Owens,Controls Engineer,Engineering,Speciality Products,Female,Caucasian,48,25-09-2014,"$96,693.00",0%,United States,Chicago,,NO,,,,,,,,,,,
Alice Lopez,Test Engineer,Engineering,Speciality Products,Female,Latino,48,27-06-2009,"$82,907.00",0%,United States,Seattle,,NO,,,,,,,,,,,
Dominic Le,Vice President,Marketing,Corporate,Male,Asian,41,10-04-2014,"$2,57,194",35%,China,Chongqing,,NO,,,,,,,,,,,
Ezra Ortiz,Quality Engineer,Engineering,Research & Development,Male,Latino,41,21-01-2012,"$94,658.00",0%,United States,Miami,,NO,,,,,,,,,,,
Grayson Luu,Quality Engineer,Engineering,Research & Development,Male,Asian,55,30-04-2011,"$89,419.00",0%,China,Shanghai,,NO,,,,,,,,,,,
Brooks Stewart,HRIS Analyst,Human Resources,Manufacturing,Male,Black,45,19-12-2015,"$51,983.00",0%,United States,Columbus,,NO,,,,,,,,,,,
Naomi Xi,Director,Finance,Corporate,Female,Asian,53,17-02-2002,"$1,79,494",20%,China,Chongqing,,NO,,,,,,,,,,,
Silas Estrada,IT Systems Architect,IT,Corporate,Male,Latino,49,24-06-2016,"$68,426.00",0%,Brazil,Rio de Janerio,,NO,,,,,,,,,,,
Skylar Ayala,Sr. Manger,Finance,Corporate,Female,Latino,55,02-06-2017,"$1,44,986",12%,United States,Phoenix,,NO,,,,,,,,,,,
Lydia Huynh,Account Representative,Sales,Speciality Products,Female,Asian,45,16-08-2000,"$60,113.00",0%,United States,Chicago,,NO,,,,,,,,,,,
Hazel Cortez,HRIS Analyst,Human Resources,Research & Development,Female,Latino,52,18-04-2021,"$50,548.00",0%,Brazil,Sao Paulo,,NO,,,,,,,,,,,
Everleigh Adams,Analyst II,Marketing,Manufacturing,Female,Caucasian,33,14-03-2020,"$68,846.00",0%,United States,Chicago,,NO,,,,,,,,,,,
Layla Salazar,Solutions Architect,IT,Corporate,Female,Latino,59,19-03-2014,"$90,901.00",0%,United States,Seattle,,NO,,,,,,,,,,,
Willow Chen,Manager,Accounting,Corporate,Female,Asian,50,09-03-2012,"$1,02,033",8%,United States,Austin,,NO,,,,,,,,,,,
Penelope Griffin,Director,Sales,Manufacturing,Female,Caucasian,61,23-01-2021,"$1,51,783",26%,United States,Seattle,,NO,,,,,,,,,,,
Lillian Romero,Director,Engineering,Corporate,Female,Latino,27,12-07-2018,"$1,70,164",17%,United States,Austin,,NO,,,,,,,,,,,
Stella Wu,Sr. Manger,Marketing,Speciality Products,Female,Asian,35,20-02-2014,"$1,55,905",14%,United States,Phoenix,,NO,,,,,,,,,,,
Parker Vang,Analyst,Sales,Corporate,Male,Asian,40,17-12-2016,"$50,733.00",0%,United States,Miami,,NO,,,,,,,,,,,
Mila Roberts,Sr. Business Partner,Human Resources,Corporate,Female,Caucasian,30,26-01-2017,"$88,663.00",0%,United States,Phoenix,,NO,,,,,,,,,,,
Isaac Liu,Field Engineer,Engineering,Manufacturing,Male,Asian,60,13-10-1992,"$88,213.00",0%,China,Chongqing,,NO,,,,,,,,,,,
Jacob Doan,Analyst II,Sales,Speciality Products,Male,Asian,55,08-02-2021,"$67,130.00",0%,United States,Miami,,NO,,,,,,,,,,,
Raelynn Ma,Sr. Analyst,Finance,Speciality Products,Female,Asian,33,10-08-2015,"$94,876.00",0%,United States,Miami,,NO,,,,,,,,,,,
Jameson Juarez,Development Engineer,Engineering,Speciality Products,Male,Latino,62,10-09-1994,"$98,230.00",0%,United States,Miami,,NO,,,,,,,,,,,
Everleigh Shah,Test Engineer,Engineering,Research & Development,Female,Asian,36,14-12-2018,"$96,757.00",0%,United States,Columbus,,NO,,,,,,,,,,,
Alexander Foster,Analyst II,Marketing,Manufacturing,Male,Black,35,07-03-2020,"$51,513.00",0%,United States,Columbus,,NO,,,,,,,,,,,
Ryan Ha,Vice President,Marketing,Corporate,Male,Asian,60,27-01-2007,"$2,34,311",37%,United States,Miami,,NO,,,,,,,,,,,
Chloe Salazar,Sr. Manger,Human Resources,Speciality Products,Female,Latino,45,22-05-2011,"$1,52,353",14%,United States,Seattle,,NO,,,,,,,,,,,
Layla Scott,Sr. Manger,Accounting,Speciality Products,Female,Caucasian,48,30-07-2010,"$1,24,774",12%,United States,Phoenix,,NO,,,,,,,,,,,
Leah Khan,Director,Marketing,Corporate,Female,Asian,36,13-09-2010,"$1,57,070",28%,China,Chongqing,,NO,,,,,,,,,,,
Mason Jimenez,Sr. Manger,Finance,Speciality Products,Male,Latino,44,08-08-2019,"$1,30,133",15%,United States,Austin,18-05-2022, YES,,,,,,,,,,,
Hailey Dang,Manager,Marketing,Manufacturing,Female,Asian,64,21-09-2019,"$1,08,780",6%,China,Shanghai,,NO,,,,,,,,,,,
Amelia Bui,Director,Engineering,Speciality Products,Female,Asian,46,21-10-2020,"$1,51,853",16%,China,Chengdu,,NO,,,,,,,,,,,
Elena Her,Account Representative,Sales,Manufacturing,Female,Asian,62,17-09-2006,"$64,669.00",0%,China,Chongqing,,NO,,,,,,,,,,,
Ian Cortez,Analyst II,Marketing,Research & Development,Male,Latino,61,30-04-2008,"$69,352.00",0%,Brazil,Rio de Janerio,,NO,,,,,,,,,,,
Christian Ali,Analyst II,Marketing,Research & Development,Male,Asian,65,17-10-2001,"$74,631.00",0%,China,Chongqing,,NO,,,,,,,,,,,
Carter Ortiz,Quality Engineer,Engineering,Speciality Products,Male,Latino,54,29-04-2012,"$96,441.00",0%,Brazil,Sao Paulo,,NO,,,,,,,,,,,
Grayson Chan,Engineering Manager,Engineering,Speciality Products,Male,Asian,46,20-10-2011,"$1,14,250",14%,China,Chengdu,,NO,,,,,,,,,,,
Nolan Molina,Computer Systems Manager,IT,Corporate,Male,Latino,36,27-12-2020,"$70,165.00",7%,Brazil,Manaus,,NO,,,,,,,,,,,
Adam Kaur,Manager,IT,Corporate,Male,Asian,60,29-01-2000,"$1,09,059",7%,China,Chengdu,,NO,,,,,,,,,,,
Amelia Kaur,Operations Engineer,Engineering,Research & Development,Female,Asian,30,14-11-2015,"$77,442.00",0%,United States,Columbus,,NO,,,,,,,,,,,
Autumn Gonzales,Analyst II,Sales,Corporate,Female,Latino,34,06-06-2012,"$72,126.00",0%,Brazil,Manaus,,NO,,,,,,,,,,,
Ezra Wilson,Service Desk Analyst,IT,Manufacturing,Male,Caucasian,55,18-10-2013,"$70,334.00",0%,United States,Miami,,NO,,,,,,,,,,,
Jacob Cheng,Quality Engineer,Engineering,Research & Development,Male,Asian,59,23-12-2009,"$78,006.00",0%,United States,Miami,,NO,,,,,,,,,,,
Melody Valdez,Director,IT,Manufacturing,Female,Latino,28,25-01-2021,"$1,60,385",23%,United States,Miami,18-05-2021, YES,,,,,,,,,,,
Caroline Nelson,Vice President,Finance,Corporate,Female,Caucasian,36,01-11-2014,"$2,02,323",39%,United States,Chicago,,NO,,,,,,,,,,,
Ellie Guerrero,Sr. Manger,Human Resources,Corporate,Female,Latino,29,13-07-2020,"$1,41,555",11%,Brazil,Manaus,,NO,,,,,,,,,,,
Genesis Zhu,Director,Finance,Speciality Products,Female,Asian,34,20-07-2020,"$1,84,960",18%,United States,Seattle,,NO,,,,,,,,,,,
Jonathan Ho,Vice President,IT,Manufacturing,Male,Asian,37,25-06-2011,"$2,21,592",31%,United States,Columbus,,NO,,,,,,,,,,,
Savannah Park,HRIS Analyst,Human Resources,Manufacturing,Female,Asian,44,28-01-2009,"$53,301.00",0%,United States,Seattle,,NO,,,,,,,,,,,
Nathan Chan,Cloud Infrastructure Architect,IT,Corporate,Male,Asian,45,03-02-2000,"$91,276.00",0%,United States,Seattle,,NO,,,,,,,,,,,
Sofia Vu,Sr. Manger,Human Resources,Research & Development,Female,Asian,52,09-05-2017,"$1,40,042",13%,United States,Austin,,NO,,,,,,,,,,,
Ruby Choi,Analyst,Accounting,Manufacturing,Female,Asian,40,12-06-2018,"$57,225.00",0%,United States,Columbus,,NO,,,,,,,,,,,
Lily Pena,Manager,Human Resources,Speciality Products,Female,Latino,55,24-02-2010,"$1,02,839",5%,United States,Miami,,NO,,,,,,,,,,,
Liam Zhang,Director,Marketing,Research & Development,Male,Asian,29,15-09-2021,"$1,99,783",21%,United States,Chicago,04-10-2022, YES,,,,,,,,,,,
Ian Gutierrez,Sr. Business Partner,Human Resources,Research & Development,Male,Latino,32,04-09-2021,"$70,980.00",0%,Brazil,Rio de Janerio,,NO,,,,,,,,,,,
David Simmons,Manager,Marketing,Corporate,Male,Caucasian,51,26-01-1997,"$1,04,431",7%,United States,Phoenix,,NO,,,,,,,,,,,
Lincoln Henderson,Business Partner,Human Resources,Speciality Products,Male,Caucasian,28,27-06-2021,"$48,510.00",0%,United States,Chicago,,NO,,,,,,,,,,,
Nathan Miller,Quality Engineer,Engineering,Speciality Products,Male,Black,27,28-05-2019,"$70,110.00",0%,United States,Miami,01-07-2021, YES,,,,,,,,,,,
James Singh,Director,Marketing,Corporate,Male,Asian,45,03-12-2008,"$1,86,138",28%,China,Chongqing,,NO,,,,,,,,,,,
Kayden Ortega,Analyst,Accounting,Manufacturing,Male,Latino,58,19-04-2010,"$56,350.00",0%,Brazil,Rio de Janerio,,NO,,,,,,,,,,,
Lucy Figueroa,Sr. Manger,Finance,Research & Development,Female,Latino,45,01-10-2016,"$1,49,761",12%,United States,Columbus,,NO,,,,,,,,,,,
Joshua Cortez,Sr. Manger,Finance,Corporate,Male,Latino,44,08-11-2007,"$1,26,277",13%,Brazil,Manaus,,NO,,,,,,,,,,,
Alexander Morris,Manager,Sales,Speciality Products,Male,Caucasian,33,21-06-2013,"$1,19,631",6%,United States,Phoenix,,NO,,,,,,,,,,,
Grayson Chin,Vice President,IT,Research & Development,Male,Asian,26,05-09-2020,"$2,56,561",39%,United States,Austin,,NO,,,,,,,,,,,
Allison Espinoza,Solutions Architect,IT,Speciality Products,Female,Latino,45,16-04-2020,"$66,958.00",0%,United States,Miami,,NO,,,,,,,,,,,
Naomi Chu,Sr. Manger,Sales,Manufacturing,Female,Asian,46,29-02-2004,"$1,58,897",10%,China,Chongqing,,NO,,,,,,,,,,,
Jameson Martin,Technical Architect,IT,Corporate,Male,Caucasian,37,15-02-2008,"$71,695.00",0%,United States,Phoenix,,NO,,,,,,,,,,,
Sebastian Gupta,Sr. Analyst,Marketing,Corporate,Male,Asian,40,22-09-2014,"$73,779.00",0%,China,Chongqing,05-09-2019, YES,,,,,,,,,,,
Eloise Pham,Manager,Sales,Speciality Products,Female,Asian,45,20-10-2011,"$1,23,640",7%,China,Shanghai,,NO,,,,,,,,,,,
Valentina Davis,Analyst,Sales,Speciality Products,Female,Caucasian,33,13-04-2014,"$46,878.00",0%,United States,Miami,,NO,,,,,,,,,,,
Brooklyn Daniels,Analyst,Marketing,Speciality Products,Female,Caucasian,64,02-10-2003,"$57,032.00",0%,United States,Miami,,NO,,,,,,,,,,,
Paisley Gomez,Sr. Analyst,Sales,Manufacturing,Female,Latino,57,10-02-2007,"$98,150.00",0%,Brazil,Rio de Janerio,,NO,,,,,,,,,,,
Madison Li,Director,Marketing,Manufacturing,Female,Asian,35,03-06-2017,"$1,71,426",15%,China,Beijing,22-09-2017, YES,,,,,,,,,,,
Everleigh Simmons,Analyst,Finance,Manufacturing,Female,Caucasian,55,16-04-2021,"$48,266.00",0%,United States,Chicago,,NO,,,,,,,,,,,
Logan Soto,Vice President,Finance,Research & Development,Male,Latino,36,18-08-2018,"$2,23,404",32%,United States,Columbus,,NO,,,,,,,,,,,
Charlotte Vo,System Administrator,IT,Speciality Products,Female,Asian,57,01-10-2014,"$74,854.00",0%,United States,Seattle,,NO,,,,,,,,,,,
Alice Thompson,Vice President,Accounting,Speciality Products,Female,Caucasian,48,25-04-2007,"$2,17,783",36%,United States,Seattle,,NO,,,,,,,,,,,
Peyton Garza,Systems Analyst,IT,Manufacturing,Female,Latino,53,15-08-2004,"$44,735.00",0%,Brazil,Manaus,,NO,,,,,,,,,,,
Nora Nelson,Analyst II,Finance,Manufacturing,Female,Caucasian,41,01-09-2007,"$50,685.00",0%,United States,Columbus,,NO,,,,,,,,,,,
Maverick Li,Analyst II,Sales,Research & Development,Male,Asian,34,03-10-2018,"$58,993.00",0%,United States,Austin,,NO,,,,,,,,,,,
Ian Barnes,Operations Engineer,Engineering,Corporate,Male,Caucasian,47,06-08-2020,"$1,15,765",0%,United States,Miami,02-02-2021, YES,,,,,,,,,,,
Athena Vu,Director,Accounting,Manufacturing,Female,Asian,63,03-06-2007,"$1,93,044",15%,United States,Miami,,NO,,,,,,,,,,,
Ruby Washington,Analyst,Marketing,Research & Development,Female,Black,65,17-06-2011,"$56,686.00",0%,United States,Seattle,06-09-2015, YES,,,,,,,,,,,
Bella Butler,Sr. Manger,Finance,Manufacturing,Female,Black,33,25-10-2019,"$1,31,652",11%,United States,Seattle,,NO,,,,,,,,,,,
Kinsley Henry,Director,Marketing,Manufacturing,Female,Black,45,29-02-2008,"$1,50,577",25%,United States,Miami,,NO,,,,,,,,,,,
Kennedy Romero,Engineering Manager,Engineering,Research & Development,Female,Latino,37,27-12-2018,"$87,359.00",11%,Brazil,Rio de Janerio,,NO,,,,,,,,,,,
Zoe Do,Analyst II,Sales,Speciality Products,Female,Asian,60,01-08-2014,"$51,877.00",0%,China,Beijing,,NO,,,,,,,,,,,
Everett Khan,Solutions Architect,IT,Manufacturing,Male,Asian,43,18-01-2017,"$86,417.00",0%,United States,Chicago,,NO,,,,,,,,,,,
Anna Han,System Administrator,IT,Research & Development,Female,Asian,65,05-08-2003,"$96,548.00",0%,United States,Austin,,NO,,,,,,,,,,,
Leilani Sharma,Sr. Analyst,Accounting,Manufacturing,Female,Asian,43,23-01-2014,"$92,940.00",0%,China,Chengdu,,NO,,,,,,,,,,,
Jordan Cho,Analyst II,Accounting,Speciality Products,Male,Asian,28,24-08-2018,"$61,410.00",0%,United States,Phoenix,,NO,,,,,,,,,,,
Nova Williams,Manager,Finance,Speciality Products,Female,Black,61,25-04-2010,"$1,10,302",6%,United States,Miami,,NO,,,,,,,,,,,
Scarlett Hill,Director,Engineering,Speciality Products,Female,Black,45,22-04-2018,"$1,87,205",24%,United States,Columbus,20-06-2022, YES,,,,,,,,,,,
Dominic Scott,Sr. Analyst,Sales,Corporate,Male,Caucasian,45,16-03-2011,"$81,687.00",0%,United States,Phoenix,,NO,,,,,,,,,,,
Anthony Marquez,Vice President,IT,Speciality Products,Male,Latino,54,15-08-2009,"$2,41,083",39%,United States,Columbus,,NO,,,,,,,,,,,
Elena Patterson,Vice President,Finance,Speciality Products,Female,Black,38,11-09-2018,"$2,23,805",36%,United States,Chicago,,NO,,,,,,,,,,,
Madison Nelson,Director,Accounting,Corporate,Female,Caucasian,27,16-07-2021,"$1,61,759",16%,United States,Miami,,NO,,,,,,,,,,,
William Walker,Computer Systems Manager,IT,Research & Development,Male,Black,40,24-02-2019,"$95,899.00",10%,United States,Columbus,03-08-2021, YES,,,,,,,,,,,
Lincoln Wong,Sr. Analyst,Finance,Corporate,Male,Asian,49,06-07-2019,"$80,700.00",0%,United States,Columbus,,NO,,,,,,,,,,,
James Huang,Manager,Human Resources,Speciality Products,Male,Asian,54,03-11-1997,"$1,28,136",5%,China,Beijing,,NO,,,,,,,,,,,
Emery Ford,Analyst II,Marketing,Corporate,Female,Caucasian,39,18-04-2017,"$58,745.00",0%,United States,Austin,,NO,,,,,,,,,,,
Paisley Trinh,Technical Architect,IT,Corporate,Female,Asian,57,05-04-1992,"$76,202.00",0%,United States,Austin,18-12-1994, YES,,,,,,,,,,,
Hudson Williams,Vice President,Sales,Speciality Products,Male,Black,36,19-03-2018,"$1,95,200",36%,United States,Austin,,NO,,,,,,,,,,,
Harper Phan,Analyst II,Finance,Manufacturing,Female,Asian,45,12-07-2016,"$71,454.00",0%,China,Shanghai,,NO,,,,,,,,,,,
Madeline Allen,Cloud Infrastructure Architect,IT,Manufacturing,Female,Caucasian,30,02-03-2020,"$94,652.00",0%,United States,Seattle,,NO,,,,,,,,,,,
Charles Moore,Technical Architect,IT,Manufacturing,Male,Black,34,16-02-2016,"$63,411.00",0%,United States,Miami,,NO,,,,,,,,,,,
Lincoln Fong,Analyst II,Sales,Speciality Products,Male,Asian,31,17-02-2020,"$67,171.00",0%,China,Chongqing,05-01-2021, YES,,,,,,,,,,,
Isla Guzman,Sr. Manger,Accounting,Speciality Products,Female,Latino,28,07-06-2019,"$1,52,036",15%,Brazil,Rio de Janerio,,NO,,,,,,,,,,,
Hailey Foster,Controls Engineer,Engineering,Manufacturing,Female,Black,55,21-03-2021,"$95,562.00",0%,United States,Chicago,,NO,,,,,,,,,,,
Hudson Hill,Sr. Analyst,Sales,Research & Development,Male,Caucasian,30,11-04-2019,"$96,092.00",0%,United States,Austin,,NO,,,,,,,,,,,
Wyatt Li,Vice President,Engineering,Manufacturing,Male,Asian,63,06-03-2013,"$2,54,289",39%,United States,Chicago,,NO,,,,,,,,,,,
Maverick Henry,Computer Systems Manager,IT,Research & Development,Male,Caucasian,26,07-10-2019,"$69,110.00",5%,United States,Chicago,,NO,,,,,,,,,,,
Xavier Jackson,Vice President,Marketing,Speciality Products,Male,Caucasian,52,06-11-2002,"$2,36,314",34%,United States,Miami,,NO,,,,,,,,,,,
Christian Medina,Analyst,Marketing,Corporate,Male,Latino,51,19-06-2007,"$45,206.00",0%,United States,Columbus,,NO,,,,,,,,,,,
Autumn Leung,Vice President,Finance,Research & Development,Female,Asian,25,15-11-2021,"$2,10,708",33%,United States,Chicago,,NO,,,,,,,,,,,
Robert Vazquez,System Administrator,IT,Corporate,Male,Latino,40,26-09-2021,"$87,770.00",0%,United States,Austin,,NO,,,,,,,,,,,
Aria Roberts,Manager,Accounting,Corporate,Female,Caucasian,38,08-12-2015,"$1,06,858",5%,United States,Seattle,,NO,,,,,,,,,,,
Axel Johnson,Director,Human Resources,Corporate,Male,Caucasian,60,14-04-2015,"$1,55,788",17%,United States,Seattle,,NO,,,,,,,,,,,
Madeline Garcia,Sr. Business Partner,Human Resources,Speciality Products,Female,Latino,45,26-04-2019,"$74,891.00",0%,Brazil,Rio de Janerio,,NO,,,,,,,,,,,
Christopher Chung,Controls Engineer,Engineering,Corporate,Male,Asian,28,18-12-2021,"$95,670.00",0%,United States,Phoenix,,NO,,,,,,,,,,,
Eliana Turner,Account Representative,Sales,Research & Development,Female,Black,65,29-09-2000,"$67,837.00",0%,United States,Austin,,NO,,,,,,,,,,,
Daniel Shah,Analyst II,Sales,Research & Development,Male,Asian,41,06-04-2010,"$72,425.00",0%,China,Beijing,,NO,,,,,,,,,,,
Penelope Gonzalez,Sr. Analyst,Sales,Corporate,Female,Latino,52,16-10-1994,"$93,103.00",0%,United States,Phoenix,,NO,,,,,,,,,,,
Mila Allen,Controls Engineer,Engineering,Corporate,Female,Caucasian,56,14-10-2015,"$76,272.00",0%,United States,Miami,22-10-2021, YES,,,,,,,,,,,
Emilia Chu,Analyst II,Finance,Manufacturing,Female,Asian,48,24-06-2003,"$55,760.00",0%,United States,Austin,,NO,,,,,,,,,,,
Emily Clark,Vice President,Accounting,Corporate,Female,Caucasian,36,13-01-2020,"$2,53,294",40%,United States,Miami,,NO,,,,,,,,,,,
Roman King,Analyst II,Finance,Corporate,Male,Caucasian,60,16-08-2007,"$58,671.00",0%,United States,Columbus,,NO,,,,,,,,,,,
Emery Do,Account Representative,Sales,Research & Development,Female,Asian,40,16-03-2018,"$55,457.00",0%,United States,Columbus,,NO,,,,,,,,,,,
Autumn Thao,Account Representative,Sales,Manufacturing,Female,Asian,63,26-09-2017,"$72,340.00",0%,United States,Phoenix,04-03-2019, YES,,,,,,,,,,,
Naomi Coleman,Manager,Marketing,Corporate,Female,Caucasian,29,11-02-2016,"$1,22,054",6%,United States,Phoenix,,NO,,,,,,,,,,,
Cora Zheng,Director,IT,Manufacturing,Female,Asian,27,01-03-2018,"$1,67,100",20%,China,Chengdu,,NO,,,,,,,,,,,
Ayla Daniels,Technical Architect,IT,Corporate,Female,Caucasian,53,23-04-1997,"$78,153.00",0%,United States,Miami,,NO,,,,,,,,,,,
Allison Daniels,Manager,Finance,Manufacturing,Female,Caucasian,37,14-04-2020,"$1,03,524",9%,United States,Phoenix,,NO,,,,,,,,,,,
Mateo Harris,Manager,IT,Corporate,Male,Caucasian,30,08-05-2017,"$1,19,906",5%,United States,Columbus,,NO,,,,,,,,,,,
Samantha Rogers,Analyst,Marketing,Speciality Products,Female,Caucasian,28,17-01-2020,"$45,061.00",0%,United States,Miami,,NO,,,,,,,,,,,
Julian Lee,IT Systems Architect,IT,Corporate,Male,Asian,51,17-01-2003,"$91,399.00",0%,United States,Seattle,,NO,,,,,,,,,,,
Nicholas Avila,Enterprise Architect,IT,Research & Development,Male,Latino,28,28-09-2017,"$97,336.00",0%,United States,Austin,,NO,,,,,,,,,,,
Hailey Watson,Sr. Manger,Accounting,Corporate,Female,Black,31,20-01-2017,"$1,24,629",10%,United States,Columbus,,NO,,,,,,,,,,,
Willow Woods,Vice President,Human Resources,Speciality Products,Female,Caucasian,28,25-07-2021,"$2,31,850",39%,United States,Miami,,NO,,,,,,,,,,,
Alexander Gonzales,Manager,Accounting,Research & Development,Male,Latino,34,06-04-2018,"$1,28,329",8%,United States,Phoenix,,NO,,,,,,,,,,,
Aiden Gonzales,Vice President,Marketing,Speciality Products,Male,Latino,44,28-03-2021,"$1,86,033",34%,Brazil,Sao Paulo,,NO,,,,,,,,,,,
Joshua Chin,Sr. Manger,Marketing,Manufacturing,Male,Asian,60,26-07-2021,"$1,21,480",14%,United States,Phoenix,,NO,,,,,,,,,,,
Paisley Hall,Director,Human Resources,Speciality Products,Female,Caucasian,41,21-05-2010,"$1,53,275",24%,United States,Columbus,,NO,,,,,,,,,,,
Allison Leung,Sr. Analyst,Sales,Research & Development,Female,Asian,62,18-05-2020,"$97,830.00",0%,United States,Austin,,NO,,,,,,,,,,,
Hannah Mejia,Vice President,Marketing,Corporate,Female,Latino,47,13-03-1999,"$2,39,394",32%,United States,Austin,,NO,,,,,,,,,,,
Elizabeth Huang,Analyst,Finance,Speciality Products,Female,Asian,62,20-09-2002,"$49,738.00",0%,China,Beijing,,NO,,,,,,,,,,,
Abigail Garza,Analyst,Accounting,Manufacturing,Female,Latino,33,27-05-2018,"$45,049.00",0%,United States,Seattle,,NO,,,,,,,,,,,
Raelynn Lu,Director,Finance,Research & Development,Female,Asian,27,26-05-2020,"$1,53,628",29%,China,Chongqing,12-12-2020, YES,,,,,,,,,,,
Charles Luu,Sr. Manger,Sales,Manufacturing,Male,Asian,25,15-06-2021,"$1,42,731",11%,China,Shanghai,06-03-2022, YES,,,,,,,,,,,
Lydia Espinoza,Sr. Manger,Marketing,Speciality Products,Female,Latino,29,15-05-2020,"$1,37,106",12%,Brazil,Sao Paulo,,NO,,,,,,,,,,,
Adeline Thao,Vice President,Finance,Corporate,Female,Asian,54,09-05-2007,"$1,83,239",32%,United States,Seattle,,NO,,,,,,,,,,,
Kinsley Dixon,Analyst,Accounting,Manufacturing,Female,Caucasian,28,25-05-2019,"$45,819.00",0%,United States,Miami,,NO,,,,,,,,,,,
Natalia Vu,Analyst,Accounting,Research & Development,Female,Asian,54,29-12-2006,"$55,518.00",0%,United States,Columbus,,NO,,,,,,,,,,,
Julia Mai,Manager,Marketing,Manufacturing,Female,Asian,50,03-11-2012,"$1,08,134",10%,China,Shanghai,,NO,,,,,,,,,,,
Camila Evans,Manager,Marketing,Research & Development,Female,Black,55,20-12-1992,"$1,13,950",9%,United States,Miami,,NO,,,,,,,,,,,
Everly Lai,Vice President,Marketing,Speciality Products,Female,Asian,52,04-01-1998,"$1,82,035",30%,United States,Chicago,,NO,,,,,,,,,,,
Adam He,Director,Accounting,Speciality Products,Male,Asian,35,16-08-2017,"$1,81,356",23%,China,Beijing,,NO,,,,,,,,,,,
Vivian Hunter,Account Representative,Sales,Corporate,Female,Black,26,21-08-2019,"$66,084.00",0%,United States,Seattle,,NO,,,,,,,,,,,
Lucy Avila,Solutions Architect,IT,Speciality Products,Female,Latino,43,22-04-2010,"$76,912.00",0%,Brazil,Sao Paulo,,NO,,,,,,,,,,,
Eliana Li,Test Engineer,Engineering,Research & Development,Female,Asian,63,05-07-2018,"$67,987.00",0%,United States,Miami,,NO,,,,,,,,,,,
Logan Mitchell,Analyst II,Marketing,Manufacturing,Male,Caucasian,65,20-08-2005,"$59,833.00",0%,United States,Columbus,,NO,,,,,,,,,,,
Dominic Dinh,Sr. Manger,Marketing,Speciality Products,Male,Asian,45,04-11-2005,"$1,28,468",11%,United States,Chicago,,NO,,,,,,,,,,,
Lucas Daniels,Manager,Sales,Corporate,Male,Black,42,29-05-2011,"$1,02,440",6%,United States,Chicago,,NO,,,,,,,,,,,
Andrew Holmes,Vice President,IT,Speciality Products,Male,Black,59,30-12-2010,"$2,46,619",36%,United States,Miami,,NO,,,,,,,,,,,
Julia Sandoval,Manager,Human Resources,Corporate,Female,Latino,42,19-11-2017,"$1,01,143",6%,United States,Miami,,NO,,,,,,,,,,,
Kennedy Vargas,Business Partner,Human Resources,Manufacturing,Female,Latino,45,14-10-2005,"$51,404.00",0%,Brazil,Manaus,12-06-2009, YES,,,,,,,,,,,
Thomas Williams,Field Engineer,Engineering,Speciality Products,Male,Caucasian,45,21-11-2015,"$87,292.00",0%,United States,Columbus,,NO,,,,,,,,,,,
Raelynn Hong,Director,Marketing,Speciality Products,Female,Asian,28,12-11-2019,"$1,82,321",28%,China,Beijing,,NO,,,,,,,,,,,
Eli Reed,Systems Analyst,IT,Corporate,Male,Caucasian,51,27-02-2014,"$53,929.00",0%,United States,Miami,22-12-2017, YES,,,,,,,,,,,
Lyla Yoon,Vice President,Accounting,Manufacturing,Female,Asian,38,13-12-2012,"$1,91,571",32%,United States,Austin,,NO,,,,,,,,,,,
Hannah White,Sr. Manger,Accounting,Corporate,Female,Caucasian,62,30-01-2009,"$1,50,555",13%,United States,Phoenix,,NO,,,,,,,,,,,
Theodore Xi,Manager,Finance,Corporate,Male,Asian,52,10-05-2009,"$1,22,890",7%,China,Shanghai,,NO,,,,,,,,,,,
Ezra Liang,Vice President,Finance,Research & Development,Male,Asian,52,26-05-1997,"$2,16,999",37%,United States,Miami,,NO,,,,,,,,,,,
Grayson Yee,Manager,Human Resources,Corporate,Male,Asian,48,16-07-2015,"$1,10,565",9%,China,Beijing,,NO,,,,,,,,,,,
Eli Richardson,IT Coordinator,IT,Speciality Products,Male,Caucasian,38,19-04-2015,"$48,762.00",0%,United States,Seattle,,NO,,,,,,,,,,,
Audrey Lee,Development Engineer,Engineering,Speciality Products,Female,Asian,51,02-11-2017,"$87,036.00",0%,China,Chongqing,,NO,,,,,,,,,,,
Jameson Allen,Director,Marketing,Speciality Products,Male,Caucasian,32,28-11-2016,"$1,77,443",16%,United States,Seattle,,NO,,,,,,,,,,,
Eliza Chen,Enterprise Architect,IT,Research & Development,Female,Asian,36,29-04-2016,"$75,862.00",0%,United States,Austin,,NO,,,,,,,,,,,
Lyla Chen,Sr. Business Partner,Human Resources,Research & Development,Female,Asian,45,26-04-2019,"$90,870.00",0%,United States,Chicago,,NO,,,,,,,,,,,
Emily Doan,Engineering Manager,Engineering,Corporate,Female,Asian,32,12-04-2014,"$99,202.00",11%,United States,Phoenix,,NO,,,,,,,,,,,
Jack Mai,Sr. Analyst,Marketing,Corporate,Male,Asian,45,22-09-2007,"$92,293.00",0%,China,Chengdu,,NO,,,,,,,,,,,
Grayson Turner,Solutions Architect,IT,Corporate,Male,Caucasian,54,30-06-1992,"$63,196.00",0%,United States,Chicago,26-10-2014, YES,,,,,,,,,,,
Ivy Tang,Development Engineer,Engineering,Speciality Products,Female,Asian,48,05-03-2012,"$65,340.00",0%,China,Shanghai,05-09-2018, YES,,,,,,,,,,,
Robert Zhang,Vice President,Marketing,Corporate,Male,Asian,45,24-09-2015,"$2,02,680",32%,United States,Phoenix,17-08-2022, YES,,,,,,,,,,,
Eva Alvarado,Computer Systems Manager,IT,Manufacturing,Female,Latino,46,24-04-2017,"$77,461.00",9%,Brazil,Sao Paulo,,NO,,,,,,,,,,,
Abigail Vang,Operations Engineer,Engineering,Research & Development,Female,Asian,40,09-09-2016,"$1,09,680",0%,China,Chengdu,,NO,,,,,,,,,,,
Claire Adams,Director,Sales,Manufacturing,Female,Black,61,19-08-1997,"$1,59,567",28%,United States,Phoenix,,NO,,,,,,,,,,,
Theodore Marquez,Development Engineer,Engineering,Speciality Products,Male,Latino,54,24-11-2012,"$94,407.00",0%,Brazil,Sao Paulo,,NO,,,,,,,,,,,
Hunter Nunez,Vice President,Human Resources,Corporate,Male,Latino,62,16-08-2002,"$2,34,594",33%,United States,Seattle,,NO,,,,,,,,,,,
Charles Henderson,Systems Analyst,IT,Speciality Products,Male,Caucasian,48,02-11-2002,"$43,080.00",0%,United States,Austin,,NO,,,,,,,,,,,
Camila Cortez,Manager,Marketing,Manufacturing,Female,Latino,29,05-09-2021,"$1,29,541",8%,United States,Phoenix,24-05-2021, YES,,,,,,,,,,,
Aaron Garza,Director,Sales,Research & Development,Male,Latino,39,27-12-2013,"$1,65,756",28%,United States,Columbus,06-09-2020, YES,,,,,,,,,,,
Jose Singh,Sr. Manger,Finance,Speciality Products,Male,Asian,44,04-06-2010,"$1,42,878",12%,United States,Columbus,,NO,,,,,,,,,,,
Gabriel Joseph,Director,Engineering,Manufacturing,Male,Caucasian,52,28-10-2006,"$1,87,992",28%,United States,Miami,,NO,,,,,,,,,,,
Natalia Santos,Vice President,Human Resources,Speciality Products,Female,Latino,45,25-02-2019,"$2,49,801",39%,Brazil,Sao Paulo,,NO,,,,,,,,,,,
Dylan Wilson,Network Administrator,IT,Research & Development,Male,Caucasian,48,27-09-2006,"$76,505.00",0%,United States,Seattle,04-08-2007, YES,,,,,,,,,,,
Robert Alvarez,Service Desk Analyst,IT,Corporate,Male,Latino,39,21-10-2016,"$84,297.00",0%,Brazil,Manaus,,NO,,,,,,,,,,,
Samantha Chavez,Sr. Analyst,Sales,Speciality Products,Female,Latino,53,01-09-2017,"$75,769.00",0%,Brazil,Manaus,17-07-2020, YES,,,,,,,,,,,
Samuel Bailey,Vice President,Accounting,Speciality Products,Male,Caucasian,41,17-08-2013,"$2,35,619",30%,United States,Seattle,,NO,,,,,,,,,,,
Ezekiel Delgado,Director,Engineering,Speciality Products,Male,Latino,40,02-07-2020,"$1,87,187",18%,Brazil,Manaus,,NO,,,,,,,,,,,
Benjamin Ramirez,Network Engineer,IT,Research & Development,Male,Latino,48,27-07-2005,"$68,987.00",0%,United States,Chicago,22-04-2006, YES,,,,,,,,,,,
Anthony Carter,Director,Engineering,Speciality Products,Male,Caucasian,41,15-03-2007,"$1,55,926",24%,United States,Columbus,30-05-2008, YES,,,,,,,,,,,
Ethan Tang,Sr. Analyst,Accounting,Speciality Products,Male,Asian,54,05-04-2016,"$93,668.00",0%,United States,Chicago,,NO,,,,,,,,,,,
Sebastian Rogers,HRIS Analyst,Human Resources,Research & Development,Male,Caucasian,38,29-11-2019,"$69,647.00",0%,United States,Miami,20-04-2022, YES,,,,,,,,,,,
Miles Thao,System Administrator,IT,Corporate,Male,Asian,57,26-06-2003,"$63,318.00",0%,United States,Columbus,,NO,,,,,,,,,,,
William Cao,Sr. Analyst,Marketing,Manufacturing,Male,Asian,63,02-12-2017,"$77,629.00",0%,China,Beijing,,NO,,,,,,,,,,,
Leo Hsu,Sr. Manger,Human Resources,Manufacturing,Male,Asian,62,22-11-2017,"$1,38,808",15%,China,Chongqing,,NO,,,,,,,,,,,
Avery Grant,Enterprise Architect,IT,Research & Development,Female,Caucasian,49,03-05-2014,"$88,777.00",0%,United States,Chicago,,NO,,,,,,,,,,,
Penelope Fong,Director,Accounting,Corporate,Female,Asian,60,14-05-2004,"$1,86,378",26%,China,Chongqing,,NO,,,,,,,,,,,
Vivian Thao,Quality Engineer,Engineering,Research & Development,Female,Asian,45,23-04-2015,"$60,017.00",0%,United States,Chicago,,NO,,,,,,,,,,,
Eva Estrada,Sr. Manger,Sales,Speciality Products,Female,Latino,45,24-07-2018,"$1,48,991",12%,Brazil,Sao Paulo,,NO,,,,,,,,,,,
Emma Luna,Field Engineer,Engineering,Speciality Products,Female,Latino,52,25-03-2008,"$97,398.00",0%,Brazil,Manaus,,NO,,,,,,,,,,,
Charlotte Wu,Sr. Business Partner,Human Resources,Manufacturing,Female,Asian,63,05-02-2007,"$72,805.00",0%,China,Shanghai,,NO,,,,,,,,,,,
Vivian Chu,Sr. Account Representative,Sales,Research & Development,Female,Asian,46,17-01-2021,"$72,131.00",0%,China,Shanghai,,NO,,,,,,,,,,,
Jayden Williams,Manager,Human Resources,Manufacturing,Male,Caucasian,64,26-12-1992,"$1,04,668",8%,United States,Columbus,,NO,,,,,,,,,,,
Amelia Bell,Sr. Analyst,Sales,Manufacturing,Female,Caucasian,53,08-05-2017,"$89,769.00",0%,United States,Seattle,,NO,,,,,,,,,,,
Addison Mehta,Manager,Sales,Corporate,Female,Asian,27,15-09-2018,"$1,27,616",7%,United States,Columbus,,NO,,,,,,,,,,,
Alexander Jackson,Manager,Human Resources,Corporate,Male,Caucasian,45,07-09-2012,"$1,09,883",7%,United States,Columbus,,NO,,,,,,,,,,,
Everly Lin,Business Partner,Human Resources,Manufacturing,Female,Asian,25,15-03-2021,"$47,974.00",0%,China,Chongqing,,NO,,,,,,,,,,,
Lyla Stewart,Sr. Manger,IT,Speciality Products,Female,Caucasian,43,27-03-2015,"$1,20,321",12%,United States,Austin,,NO,,,,,,,,,,,
Brooklyn Ruiz,IT Coordinator,IT,Manufacturing,Female,Latino,61,08-10-2014,"$57,446.00",0%,United States,Phoenix,,NO,,,,,,,,,,,
Skylar Evans,Director,Accounting,Research & Development,Female,Caucasian,42,06-04-2009,"$1,74,099",26%,United States,Austin,,NO,,,,,,,,,,,
Lincoln Huynh,Sr. Manger,Finance,Manufacturing,Male,Asian,63,02-08-2002,"$1,28,703",13%,United States,Austin,,NO,,,,,,,,,,,
Hazel Griffin,Field Engineer,Engineering,Corporate,Female,Caucasian,32,11-09-2015,"$65,247.00",0%,United States,Phoenix,,NO,,,,,,,,,,,
Charles Gonzalez,Quality Engineer,Engineering,Research & Development,Male,Latino,27,28-09-2018,"$64,247.00",0%,Brazil,Rio de Janerio,,NO,,,,,,,,,,,
Leah Patterson,Manager,Human Resources,Research & Development,Female,Caucasian,33,06-11-2012,"$1,18,253",8%,United States,Austin,,NO,,,,,,,,,,,
Avery Sun,Operations Engineer,Engineering,Manufacturing,Female,Asian,45,03-11-2004,"$1,09,422",0%,China,Chongqing,,NO,,,,,,,,,,,
Isaac Yoon,Manager,Human Resources,Corporate,Male,Asian,41,02-06-2019,"$1,26,950",10%,United States,Chicago,,NO,,,,,,,,,,,
Isabella Bui,Enterprise Architect,IT,Manufacturing,Female,Asian,36,21-11-2014,"$97,500.00",0%,United States,Miami,,NO,,,,,,,,,,,
Gabriel Zhou,IT Coordinator,IT,Manufacturing,Male,Asian,25,17-01-2021,"$41,844.00",0%,China,Chongqing,,NO,,,,,,,,,,,
Jack Vu,Analyst II,Accounting,Research & Development,Male,Asian,43,02-10-2014,"$58,875.00",0%,China,Chengdu,,NO,,,,,,,,,,,
Valentina Moua,Account Representative,Sales,Manufacturing,Female,Asian,37,11-10-2015,"$64,204.00",0%,United States,Columbus,20-04-2021, YES,,,,,,,,,,,
Quinn Trinh,Analyst II,Sales,Corporate,Female,Asian,42,05-09-2010,"$67,743.00",0%,China,Beijing,25-12-2014, YES,,,,,,,,,,,
Caroline Nelson,Sr. Account Representative,Sales,Speciality Products,Female,Black,60,30-07-1997,"$71,677.00",0%,United States,Columbus,,NO,,,,,,,,,,,
Miles Dang,IT Coordinator,IT,Speciality Products,Male,Asian,61,24-09-2000,"$40,063.00",0%,United States,Miami,,NO,,,,,,,,,,,
Leah Bryant,IT Coordinator,IT,Manufacturing,Female,Caucasian,55,30-04-2004,"$40,124.00",0%,United States,Austin,,NO,,,,,,,,,,,
Henry Jung,Automation Engineer,Engineering,Manufacturing,Male,Asian,57,26-02-2018,"$1,03,183",0%,United States,Austin,07-09-2021, YES,,,,,,,,,,,
Benjamin Mai,System Administrator,IT,Corporate,Male,Asian,54,15-06-1998,"$95,239.00",0%,United States,Phoenix,,NO,,,,,,,,,,,
Anna Han,Development Engineer,Engineering,Manufacturing,Female,Asian,29,11-09-2019,"$75,012.00",0%,United States,Chicago,,NO,,,,,,,,,,,
Ariana Kim,Network Architect,IT,Manufacturing,Female,Asian,33,29-06-2014,"$96,366.00",0%,China,Chengdu,,NO,,,,,,,,,,,
Alice Tran,Analyst,Marketing,Corporate,Female,Asian,39,29-07-2014,"$40,897.00",0%,United States,Seattle,,NO,,,,,,,,,,,
Hailey Song,Manager,Finance,Research & Development,Female,Asian,37,23-08-2016,"$1,24,928",6%,China,Chongqing,,NO,,,,,,,,,,,
Lydia Morales,Manager,Finance,Speciality Products,Female,Latino,51,14-06-2013,"$1,08,221",5%,Brazil,Manaus,,NO,,,,,,,,,,,
Liam Sanders,Sr. Business Partner,Human Resources,Corporate,Male,Caucasian,46,20-02-2007,"$75,579.00",0%,United States,Seattle,,NO,,,,,,,,,,,
Luke Sanchez,Sr. Manger,Human Resources,Manufacturing,Male,Latino,41,27-12-2015,"$1,29,903",13%,Brazil,Sao Paulo,,NO,,,,,,,,,,,
Grace Sun,Director,Finance,Research & Development,Female,Asian,25,17-04-2021,"$1,86,870",20%,China,Shanghai,,NO,,,,,,,,,,,
Ezra Banks,Analyst II,Sales,Research & Development,Male,Caucasian,37,23-04-2010,"$57,531.00",0%,United States,Chicago,,NO,,,,,,,,,,,
Jayden Kang,Analyst,Finance,Research & Development,Male,Asian,46,24-04-2011,"$55,894.00",0%,United States,Seattle,,NO,,,,,,,,,,,
Skylar Shah,Field Engineer,Engineering,Manufacturing,Female,Asian,42,27-04-2012,"$72,903.00",0%,United States,Phoenix,,NO,,,,,,,,,,,
Sebastian Le,Analyst,Finance,Corporate,Male,Asian,37,11-09-2015,"$45,369.00",0%,China,Beijing,,NO,,,,,,,,,,,
Luca Nelson,Manager,Finance,Speciality Products,Male,Caucasian,60,15-06-2010,"$1,06,578",9%,United States,Miami,,NO,,,,,,,,,,,
Riley Ramirez,Sr. Business Partner,Human Resources,Research & Development,Female,Latino,52,13-09-1999,"$92,994.00",0%,United States,Chicago,,NO,,,,,,,,,,,
Jaxon Fong,Sr. Analyst,Sales,Speciality Products,Male,Asian,59,13-03-1997,"$83,685.00",0%,China,Beijing,,NO,,,,,,,,,,,
Kayden Jordan,Cloud Infrastructure Architect,IT,Research & Development,Male,Caucasian,48,14-09-2010,"$99,335.00",0%,United States,Phoenix,,NO,,,,,,,,,,,
Alexander James,Sr. Manger,Human Resources,Manufacturing,Male,Caucasian,42,18-04-2013,"$1,31,179",15%,United States,Columbus,,NO,,,,,,,,,,,
Connor Luu,Computer Systems Manager,IT,Speciality Products,Male,Asian,35,05-03-2016,"$73,899.00",5%,China,Chengdu,,NO,,,,,,,,,,,
Christopher Lam,Vice President,Accounting,Manufacturing,Male,Asian,64,29-03-2013,"$2,52,325",40%,United States,Columbus,,NO,,,,,,,,,,,
Sophie Owens,Analyst II,Finance,Research & Development,Female,Caucasian,30,03-05-2015,"$52,697.00",0%,United States,Seattle,,NO,,,,,,,,,,,
Addison Perez,Operations Engineer,Engineering,Speciality Products,Female,Latino,29,25-09-2020,"$1,23,588",0%,Brazil,Sao Paulo,,NO,,,,,,,,,,,
Hadley Dang,Vice President,Accounting,Corporate,Female,Asian,47,26-12-2021,"$2,43,568",33%,United States,Austin,,NO,,,,,,,,,,,
Ethan Mehta,Director,Sales,Research & Development,Male,Asian,49,20-07-2001,"$1,99,176",24%,United States,Phoenix,,NO,,,,,,,,,,,
Madison Her,Technical Architect,IT,Speciality Products,Female,Asian,56,22-06-1996,"$82,806.00",0%,United States,Seattle,,NO,,,,,,,,,,,
Savannah Singh,Director,Marketing,Speciality Products,Female,Asian,53,20-06-1997,"$1,64,399",25%,United States,Seattle,,NO,,,,,,,,,,,
Nevaeh Hsu,Sr. Manger,Human Resources,Manufacturing,Female,Asian,32,14-04-2017,"$1,54,956",13%,United States,Phoenix,,NO,,,,,,,,,,,
Jordan Zhu,Sr. Manger,Marketing,Manufacturing,Male,Asian,32,29-01-2017,"$1,43,970",12%,United States,Seattle,12-09-2017, YES,,,,,,,,,,,
Jackson Navarro,Director,Sales,Corporate,Male,Latino,52,25-09-2020,"$1,63,143",28%,Brazil,Sao Paulo,,NO,,,,,,,,,,,
Sadie Patterson,Sr. Analyst,Accounting,Speciality Products,Female,Caucasian,38,24-07-2020,"$89,390.00",0%,United States,Seattle,,NO,,,,,,,,,,,
Christopher Butler,Network Architect,IT,Manufacturing,Male,Caucasian,41,10-05-2017,"$67,468.00",0%,United States,Miami,,NO,,,,,,,,,,,
Penelope Rodriguez,Engineering Manager,Engineering,Manufacturing,Female,Latino,49,03-12-2016,"$1,00,810",12%,Brazil,Rio de Janerio,,NO,,,,,,,,,,,
Emily Lau,Sr. Analyst,Finance,Manufacturing,Female,Asian,35,18-03-2019,"$74,779.00",0%,United States,Phoenix,,NO,,,,,,,,,,,
Sophie Oh,Network Engineer,IT,Corporate,Female,Asian,29,11-09-2017,"$63,985.00",0%,United States,Miami,,NO,,,,,,,,,,,
Chloe Allen,Solutions Architect,IT,Manufacturing,Female,Caucasian,64,07-08-2004,"$77,903.00",0%,United States,Seattle,,NO,,,,,,,,,,,
Caleb Nelson,Director,Marketing,Corporate,Male,Caucasian,33,06-12-2017,"$1,64,396",29%,United States,Columbus,,NO,,,,,,,,,,,
Oliver Moua,IT Systems Architect,IT,Corporate,Male,Asian,29,28-06-2021,"$71,234.00",0%,United States,Seattle,,NO,,,,,,,,,,,
Wesley Doan,Manager,Finance,Corporate,Male,Asian,63,19-04-2004,"$1,22,487",8%,China,Shanghai,,NO,,,,,,,,,,,
Nova Hsu,Manager,Human Resources,Speciality Products,Female,Asian,32,01-03-2017,"$1,01,870",10%,United States,Phoenix,,NO,,,,,,,,,,,
Levi Moreno,Systems Analyst,IT,Research & Development,Male,Latino,64,27-06-2020,"$40,316.00",0%,Brazil,Manaus,,NO,,,,,,,,,,,
Gianna Ha,Manager,IT,Research & Development,Female,Asian,55,02-08-2005,"$1,15,145",5%,China,Chongqing,,NO,,,,,,,,,,,
Lillian Gonzales,Cloud Infrastructure Architect,IT,Manufacturing,Female,Latino,43,13-03-2009,"$62,335.00",0%,Brazil,Manaus,,NO,,,,,,,,,,,
Ezra Singh,Analyst,Finance,Manufacturing,Male,Asian,56,05-10-2006,"$41,561.00",0%,United States,Austin,,NO,,,,,,,,,,,
Audrey Patel,Sr. Manger,Finance,Speciality Products,Female,Asian,37,24-04-2011,"$1,31,183",14%,China,Shanghai,16-03-2016, YES,,,,,,,,,,,
Brooklyn Cho,Technical Architect,IT,Manufacturing,Female,Asian,45,07-08-2002,"$92,655.00",0%,China,Chengdu,,NO,,,,,,,,,,,
Piper Ramos,Sr. Manger,Sales,Manufacturing,Female,Latino,49,04-02-1996,"$1,57,057",12%,United States,Miami,,NO,,,,,,,,,,,
Eleanor Williams,Enterprise Architect,IT,Speciality Products,Female,Caucasian,61,02-09-2005,"$64,462.00",0%,United States,Chicago,,NO,,,,,,,,,,,
Melody Grant,Quality Engineer,Engineering,Corporate,Female,Caucasian,41,10-07-2005,"$79,352.00",0%,United States,Seattle,,NO,,,,,,,,,,,
Paisley Sanders,Sr. Manger,Marketing,Speciality Products,Female,Caucasian,55,27-03-2001,"$1,57,812",11%,United States,Miami,,NO,,,,,,,,,,,
Santiago f Gray,Quality Engineer,Engineering,Corporate,Male,Caucasian,27,09-11-2018,"$80,745.00",0%,United States,Chicago,,NO,,,,,,,,,,,
Josephine Richardson,System Administrator,IT,Manufacturing,Female,Caucasian,57,18-02-1996,"$75,354.00",0%,United States,Austin,14-12-1996, YES,,,,,,,,,,,
Jaxson Santiago,Engineering Manager,Engineering,Research & Development,Male,Latino,56,20-09-2018,"$78,938.00",14%,United States,Phoenix,,NO,,,,,,,,,,,
Lincoln Ramos,Operations Engineer,Engineering,Corporate,Male,Latino,59,09-10-2008,"$96,313.00",0%,United States,Austin,,NO,,,,,,,,,,,
Dylan Campbell,Director,Engineering,Speciality Products,Male,Caucasian,45,29-11-2010,"$1,53,767",27%,United States,Phoenix,,NO,,,,,,,,,,,
Olivia Gray,Manager,Marketing,Research & Development,Female,Black,42,19-09-2015,"$1,03,423",6%,United States,Columbus,,NO,,,,,,,,,,,
Emery Doan,Controls Engineer,Engineering,Corporate,Female,Asian,25,23-06-2021,"$86,464.00",0%,China,Shanghai,,NO,,,,,,,,,,,
Caroline Perez,Controls Engineer,Engineering,Corporate,Female,Latino,29,14-01-2018,"$80,516.00",0%,Brazil,Sao Paulo,,NO,,,,,,,,,,,
Genesis Woods,Manager,Human Resources,Speciality Products,Female,Black,33,21-08-2013,"$1,05,390",6%,United States,Columbus,,NO,,,,,,,,,,,
Ruby Sun,Cloud Infrastructure Architect,IT,Manufacturing,Female,Asian,50,09-06-2021,"$83,418.00",0%,China,Shanghai,,NO,,,,,,,,,,,
Nevaeh James,Solutions Architect,IT,Speciality Products,Female,Caucasian,45,11-03-2017,"$66,660.00",0%,United States,Austin,,NO,,,,,,,,,,,
Parker Sandoval,Manager,Human Resources,Speciality Products,Male,Latino,59,06-10-2015,"$1,01,985",7%,United States,Miami,,NO,,,,,,,,,,,
Austin Rojas,Vice President,Finance,Corporate,Male,Latino,29,12-05-2018,"$1,99,504",30%,United States,Austin,,NO,,,,,,,,,,,
Vivian Espinoza,Sr. Manger,Sales,Corporate,Female,Latino,52,10-05-2006,"$1,47,966",11%,Brazil,Rio de Janerio,23-05-2019, YES,,,,,,,,,,,
Cooper Gupta,Business Partner,Human Resources,Speciality Products,Male,Asian,58,20-06-2014,"$41,728.00",0%,China,Chongqing,,NO,,,,,,,,,,,
Axel Santos,Sr. Analyst,Accounting,Speciality Products,Male,Latino,62,17-02-2011,"$94,422.00",0%,United States,Phoenix,,NO,,,,,,,,,,,
Samuel Song,Director,Sales,Corporate,Male,Asian,31,29-06-2015,"$1,91,026",16%,United States,Columbus,,NO,,,,,,,,,,,
Aiden Silva,Vice President,IT,Research & Development,Male,Latino,42,29-11-2010,"$1,86,725",32%,Brazil,Manaus,,NO,,,,,,,,,,,
Eliana Allen,Business Partner,Human Resources,Research & Development,Female,Caucasian,56,20-08-2009,"$52,800.00",0%,United States,Phoenix,,NO,,,,,,,,,,,
Grayson James,Operations Engineer,Engineering,Speciality Products,Male,Caucasian,54,12-05-2010,"$1,13,982",0%,United States,Seattle,,NO,,,,,,,,,,,
Hailey Yee,Account Representative,Sales,Research & Development,Female,Asian,54,16-03-2021,"$56,239.00",0%,China,Chongqing,,NO,,,,,,,,,,,
Ian Vargas,Analyst,Sales,Manufacturing,Male,Latino,26,03-02-2021,"$44,732.00",0%,Brazil,Rio de Janerio,,NO,,,,,,,,,,,
John Trinh,Director,Marketing,Corporate,Male,Asian,49,26-06-2014,"$1,53,961",25%,China,Shanghai,,NO,,,,,,,,,,,
Sofia Trinh,Network Architect,IT,Speciality Products,Female,Asian,45,18-12-2006,"$68,337.00",0%,China,Chongqing,,NO,,,,,,,,,,,
Santiago f Moua,Sr. Manger,Human Resources,Corporate,Male,Asian,45,05-07-2010,"$1,45,093",12%,United States,Chicago,,NO,,,,,,,,,,,
Layla Collins,IT Systems Architect,IT,Speciality Products,Female,Caucasian,26,03-11-2021,"$74,170.00",0%,United States,Austin,,NO,,,,,,,,,,,
Jaxon Powell,Field Engineer,Engineering,Research & Development,Male,Caucasian,59,29-03-1996,"$62,605.00",0%,United States,Austin,,NO,,,,,,,,,,,
Naomi Washington,Manager,IT,Speciality Products,Female,Caucasian,51,13-03-2020,"$1,07,195",9%,United States,Austin,,NO,,,,,,,,,,,
Ryan Holmes,Sr. Manger,Marketing,Speciality Products,Male,Caucasian,45,01-11-2018,"$1,27,422",15%,United States,Columbus,,NO,,,,,,,,,,,
Bella Holmes,Director,Accounting,Research & Development,Female,Caucasian,35,26-06-2017,"$1,61,269",27%,United States,Miami,,NO,,,,,,,,,,,
Hailey Sanchez,Vice President,Marketing,Corporate,Female,Latino,32,02-05-2014,"$2,03,445",34%,Brazil,Manaus,,NO,,,,,,,,,,,
Sofia Yoon,Sr. Manger,Human Resources,Research & Development,Female,Asian,37,17-01-2011,"$1,31,353",11%,China,Shanghai,,NO,,,,,,,,,,,
Eli Rahman,Service Desk Analyst,IT,Manufacturing,Male,Asian,45,16-03-2010,"$88,182.00",0%,China,Chengdu,,NO,,,,,,,,,,,
Christopher Howard,Enterprise Architect,IT,Speciality Products,Male,Caucasian,61,26-08-2019,"$75,780.00",0%,United States,Seattle,,NO,,,,,,,,,,,
Alice Mehta,Analyst II,Sales,Research & Development,Female,Asian,45,04-02-2019,"$52,621.00",0%,China,Beijing,,NO,,,,,,,,,,,
Cooper Yoon,Engineering Manager,Engineering,Research & Development,Male,Asian,60,15-02-2018,"$1,06,079",14%,United States,Austin,04-09-2021, YES,,,,,,,,,,,
John Delgado,Cloud Infrastructure Architect,IT,Corporate,Male,Latino,30,02-11-2017,"$92,058.00",0%,United States,Austin,,NO,,,,,,,,,,,
Jaxson Liang,Field Engineer,Engineering,Manufacturing,Male,Asian,64,03-03-2019,"$67,114.00",0%,United States,Phoenix,,NO,,,,,,,,,,,
Caroline Santos,Analyst II,Finance,Research & Development,Female,Latino,25,07-12-2020,"$56,565.00",0%,Brazil,Sao Paulo,,NO,,,,,,,,,,,
Lily Henderson,HRIS Analyst,Human Resources,Manufacturing,Female,Caucasian,61,20-05-2011,"$64,937.00",0%,United States,Phoenix,,NO,,,,,,,,,,,
Hannah Martinez,Manager,Marketing,Manufacturing,Female,Latino,65,09-07-2006,"$1,27,626",10%,United States,Miami,,NO,,,,,,,,,,,
William Phillips,Network Architect,IT,Corporate,Male,Black,61,27-01-2004,"$88,478.00",0%,United States,Austin,,NO,,,,,,,,,,,
Eliza Zheng,Computer Systems Manager,IT,Speciality Products,Female,Asian,48,20-04-2014,"$91,679.00",7%,China,Chongqing,,NO,,,,,,,,,,,
John Dang,Director,Sales,Corporate,Male,Asian,58,19-03-1992,"$1,99,848",16%,China,Chongqing,,NO,,,,,,,,,,,
Joshua Yang,Network Engineer,IT,Manufacturing,Male,Asian,34,11-10-2018,"$61,944.00",0%,China,Shanghai,,NO,,,,,,,,,,,
Hazel Young,Sr. Manger,Sales,Speciality Products,Female,Black,30,13-08-2017,"$1,54,624",15%,United States,Austin,,NO,,,,,,,,,,,
Thomas Jung,Sr. Analyst,Accounting,Research & Development,Male,Asian,50,23-10-2009,"$79,447.00",0%,China,Shanghai,,NO,,,,,,,,,,,
Xavier Perez,Sr. Analyst,Sales,Manufacturing,Male,Latino,51,26-02-1998,"$71,111.00",0%,Brazil,Rio de Janerio,,NO,,,,,,,,,,,
Elijah Coleman,Sr. Manger,Sales,Research & Development,Male,Caucasian,53,19-10-2014,"$1,59,538",11%,United States,Miami,,NO,,,,,,,,,,,
Clara Sanchez,Controls Engineer,Engineering,Corporate,Female,Latino,47,10-02-2018,"$1,11,404",0%,Brazil,Rio de Janerio,,NO,,,,,,,,,,,
Isaac Stewart,Director,Marketing,Speciality Products,Male,Caucasian,25,15-08-2020,"$1,72,007",26%,United States,Miami,,NO,,,,,,,,,,,
Claire Romero,Vice President,Marketing,Manufacturing,Female,Latino,37,21-07-2011,"$2,19,474",36%,Brazil,Manaus,,NO,,,,,,,,,,,
Andrew Coleman,Director,Finance,Corporate,Male,Caucasian,41,15-05-2019,"$1,74,415",23%,United States,Miami,,NO,,,,,,,,,,,
Riley Rojas,Network Architect,IT,Speciality Products,Female,Latino,36,21-01-2021,"$90,333.00",0%,Brazil,Rio de Janerio,,NO,,,,,,,,,,,
Landon Thao,HRIS Analyst,Human Resources,Speciality Products,Male,Asian,25,21-01-2021,"$67,299.00",0%,United States,Phoenix,,NO,,,,,,,,,,,
Hadley Ford,Systems Analyst,IT,Research & Development,Female,Caucasian,52,23-02-2005,"$45,286.00",0%,United States,Chicago,,NO,,,,,,,,,,,
Austin Brown,Director,Marketing,Research & Development,Male,Caucasian,48,08-08-2007,"$1,94,723",25%,United States,Phoenix,,NO,,,,,,,,,,,
Christian Fong,Manager,Sales,Research & Development,Male,Asian,49,08-10-2012,"$1,09,850",7%,China,Beijing,02-04-2020, YES,,,,,,,,,,,
Hazel Alvarez,Business Partner,Human Resources,Research & Development,Female,Latino,62,19-04-2014,"$45,295.00",0%,Brazil,Sao Paulo,,NO,,,,,,,,,,,
Isabella Bailey,Network Administrator,IT,Manufacturing,Female,Caucasian,36,23-08-2010,"$61,310.00",0%,United States,Phoenix,,NO,,,,,,,,,,,
Lincoln Huynh,System Administrator,IT,Research & Development,Male,Asian,55,11-09-2016,"$87,851.00",0%,China,Chongqing,,NO,,,,,,,,,,,
Hadley Yee,Business Partner,Human Resources,Speciality Products,Female,Asian,31,03-12-2018,"$47,913.00",0%,United States,Seattle,,NO,,,,,,,,,,,
Julia Doan,Business Partner,Human Resources,Speciality Products,Female,Asian,53,09-07-2017,"$46,727.00",0%,United States,Columbus,31-05-2018, YES,,,,,,,,,,,
Dylan Ali,Sr. Manger,Human Resources,Speciality Products,Male,Asian,27,16-04-2021,"$1,33,400",11%,United States,Phoenix,,NO,,,,,,,,,,,
Eloise Trinh,Solutions Architect,IT,Speciality Products,Female,Asian,39,22-04-2020,"$90,535.00",0%,United States,Miami,,NO,,,,,,,,,,,
Dylan Kumar,Sr. Analyst,Marketing,Speciality Products,Male,Asian,55,07-11-2006,"$93,343.00",0%,China,Chongqing,,NO,,,,,,,,,,,
Emily Gupta,HRIS Analyst,Human Resources,Corporate,Female,Asian,44,23-02-2006,"$63,705.00",0%,United States,Miami,,NO,,,,,,,,,,,
Silas Rivera,Vice President,Sales,Corporate,Male,Latino,48,28-02-2000,"$2,58,081",30%,United States,Chicago,,NO,,,,,,,,,,,
Jackson Jordan,Business Partner,Human Resources,Research & Development,Male,Black,48,21-09-2020,"$54,654.00",0%,United States,Phoenix,,NO,,,,,,,,,,,
Isaac Joseph,Analyst,Sales,Manufacturing,Male,Caucasian,54,24-09-1998,"$58,006.00",0%,United States,Seattle,,NO,,,,,,,,,,,
Hailey Lai,Sr. Manger,Finance,Manufacturing,Female,Asian,42,18-03-2011,"$1,50,034",12%,China,Beijing,,NO,,,,,,,,,,,
Leilani Thao,Director,Human Resources,Speciality Products,Female,Asian,38,30-05-2007,"$1,98,562",22%,United States,Seattle,,NO,,,,,,,,,,,
Madeline Watson,Account Representative,Sales,Research & Development,Female,Black,40,27-05-2009,"$62,411.00",0%,United States,Miami,14-08-2021, YES,,,,,,,,,,,
Silas Huang,Engineering Manager,Engineering,Research & Development,Male,Asian,57,01-09-1992,"$1,11,299",12%,United States,Miami,,NO,,,,,,,,,,,
Peyton Walker,Analyst,Marketing,Research & Development,Female,Caucasian,43,13-07-2019,"$41,545.00",0%,United States,Miami,,NO,,,,,,,,,,,
Jeremiah Hernandez,Network Engineer,IT,Manufacturing,Male,Latino,26,14-04-2019,"$74,467.00",0%,United States,Columbus,15-01-2021, YES,,,,,,,,,,,
Jace Washington,Manager,Accounting,Research & Development,Male,Caucasian,44,02-09-2002,"$1,17,545",6%,United States,Phoenix,,NO,,,,,,,,,,,
Landon Kim,Manager,Human Resources,Speciality Products,Male,Asian,50,15-03-2012,"$1,17,226",8%,United States,Phoenix,,NO,,,,,,,,,,,
Peyton Vasquez,Analyst,Accounting,Corporate,Female,Latino,26,24-01-2019,"$55,767.00",0%,United States,Phoenix,,NO,,,,,,,,,,,
Charlotte Baker,Analyst II,Sales,Manufacturing,Female,Caucasian,29,17-11-2016,"$60,930.00",0%,United States,Austin,,NO,,,,,,,,,,,
Elena Mendoza,Director,Sales,Speciality Products,Female,Latino,27,24-10-2018,"$1,54,973",29%,Brazil,Sao Paulo,,NO,,,,,,,,,,,
Nova Lin,Cloud Infrastructure Architect,IT,Manufacturing,Female,Asian,33,21-10-2017,"$69,332.00",0%,United States,Columbus,,NO,,,,,,,,,,,
Ivy Desai,Controls Engineer,Engineering,Research & Development,Female,Asian,59,04-09-2001,"$1,19,699",0%,China,Shanghai,,NO,,,,,,,,,,,
Josephine Acosta,Director,Human Resources,Speciality Products,Female,Latino,40,20-09-2020,"$1,98,176",17%,Brazil,Manaus,,NO,,,,,,,,,,,
Nora Nunez,Analyst II,Finance,Research & Development,Female,Latino,45,08-06-2012,"$58,586.00",0%,Brazil,Sao Paulo,,NO,,,,,,,,,,,
Caleb Xiong,Sr. Account Representative,Sales,Corporate,Male,Asian,38,28-11-2011,"$74,010.00",0%,United States,Chicago,,NO,,,,,,,,,,,
Henry Green,Sr. Account Representative,Sales,Speciality Products,Male,Caucasian,32,02-03-2020,"$96,598.00",0%,United States,Phoenix,,NO,,,,,,,,,,,
Madelyn Chan,Manager,Sales,Speciality Products,Female,Asian,64,21-05-2003,"$1,06,444",5%,United States,Phoenix,,NO,,,,,,,,,,,
Angel Delgado,Director,Finance,Corporate,Male,Latino,31,08-10-2017,"$1,56,931",28%,United States,Seattle,,NO,,,,,,,,,,,
Mia Herrera,Director,Marketing,Research & Development,Female,Latino,43,16-10-2014,"$1,71,360",23%,Brazil,Manaus,,NO,,,,,,,,,,,
Peyton Harris,Enterprise Architect,IT,Research & Development,Female,Caucasian,45,04-05-2009,"$64,505.00",0%,United States,Miami,,NO,,,,,,,,,,,
David Herrera,Engineering Manager,Engineering,Speciality Products,Male,Latino,32,10-09-2021,"$1,02,298",13%,Brazil,Rio de Janerio,,NO,,,,,,,,,,,
Avery Dominguez,Sr. Manger,Sales,Corporate,Female,Latino,27,13-09-2019,"$1,33,297",13%,Brazil,Rio de Janerio,,NO,,,,,,,,,,,
Grace Carter,Sr. Manger,Human Resources,Speciality Products,Female,Black,25,17-03-2021,"$1,55,080",10%,United States,Austin,,NO,,,,,,,,,,,
Parker Allen,Sr. Analyst,Sales,Speciality Products,Male,Caucasian,31,13-08-2018,"$81,828.00",0%,United States,Miami,,NO,,,,,,,,,,,
Sadie Lee,Sr. Manger,Marketing,Corporate,Female,Asian,65,24-10-2000,"$1,49,417",13%,China,Chengdu,,NO,,,,,,,,,,,
Cooper Valdez,Manager,Sales,Corporate,Male,Latino,50,25-04-2012,"$1,13,269",9%,Brazil,Sao Paulo,,NO,,,,,,,,,,,
Sebastian Fong,Sr. Manger,IT,Manufacturing,Male,Asian,46,16-12-2017,"$1,36,716",12%,United States,Austin,,NO,,,,,,,,,,,
Roman Munoz,Sr. Manger,Sales,Speciality Products,Male,Latino,54,20-10-2011,"$1,22,644",12%,United States,Austin,,NO,,,,,,,,,,,
Charlotte Chang,Manager,Sales,Research & Development,Female,Asian,50,05-07-2000,"$1,06,428",7%,United States,Chicago,,NO,,,,,,,,,,,
Xavier Davis,Vice President,Finance,Corporate,Male,Caucasian,36,17-01-2009,"$2,38,236",31%,United States,Seattle,,NO,,,,,,,,,,,
Natalie Carter,Director,Finance,Corporate,Female,Caucasian,64,21-12-2012,"$1,53,253",24%,United States,Austin,,NO,,,,,,,,,,,
Elena Richardson,Manager,Accounting,Manufacturing,Female,Caucasian,34,10-03-2014,"$1,03,707",9%,United States,Columbus,,NO,,,,,,,,,,,
Emilia Bailey,Vice President,Accounting,Speciality Products,Female,Caucasian,41,08-09-2012,"$2,45,360",37%,United States,Austin,,NO,,,,,,,,,,,
Ryan Lu,Development Engineer,Engineering,Speciality Products,Male,Asian,25,07-08-2021,"$67,275.00",0%,United States,Columbus,,NO,,,,,,,,,,,
Asher Huynh,Manager,IT,Manufacturing,Male,Asian,45,22-01-2015,"$1,01,288",10%,United States,Phoenix,,NO,,,,,,,,,,,
Kinsley Martinez,Director,Human Resources,Speciality Products,Female,Latino,52,28-08-1993,"$1,77,443",25%,Brazil,Sao Paulo,,NO,,,,,,,,,,,
Paisley Bryant,Cloud Infrastructure Architect,IT,Manufacturing,Female,Black,37,27-04-2016,"$91,400.00",0%,United States,Chicago,,NO,,,,,,,,,,,
Joshua Ramirez,Vice President,Human Resources,Corporate,Male,Latino,44,09-10-2007,"$1,81,247",33%,Brazil,Sao Paulo,,NO,,,,,,,,,,,
Joshua Martin,Sr. Manger,Human Resources,Research & Development,Male,Black,42,20-10-2003,"$1,35,558",14%,United States,Phoenix,,NO,,,,,,,,,,,
Charles Moore,Analyst,Accounting,Speciality Products,Male,Caucasian,49,17-12-2011,"$56,878.00",0%,United States,Seattle,,NO,,,,,,,,,,,
Angel Do,IT Systems Architect,IT,Speciality Products,Male,Asian,34,20-09-2019,"$94,735.00",0%,China,Beijing,,NO,,,,,,,,,,,
Maverick Medina,Analyst II,Sales,Manufacturing,Male,Latino,39,27-05-2007,"$51,234.00",0%,United States,Seattle,,NO,,,,,,,,,,,
Isaac Han,Vice President,Human Resources,Speciality Products,Male,Asian,31,14-01-2015,"$2,30,025",34%,United States,Phoenix,,NO,,,,,,,,,,,
Eliza Liang,Sr. Manger,Human Resources,Speciality Products,Female,Asian,36,03-11-2010,"$1,34,006",13%,China,Beijing,,NO,,,,,,,,,,,
Zoe Zhou,Manager,Finance,Corporate,Female,Asian,61,10-06-2009,"$1,03,096",7%,China,Beijing,,NO,,,,,,,,,,,
Nathan Lee,Analyst,Accounting,Manufacturing,Male,Asian,29,20-08-2016,"$58,703.00",0%,United States,Columbus,,NO,,,,,,,,,,,
Elijah Ramos,Sr. Manger,IT,Speciality Products,Male,Latino,33,24-12-2012,"$1,32,544",10%,Brazil,Rio de Janerio,,NO,,,,,,,,,,,
Jaxson Coleman,Manager,Finance,Manufacturing,Male,Caucasian,32,15-04-2020,"$1,26,671",9%,United States,Miami,,NO,,,,,,,,,,,
Hailey Hong,Account Representative,Sales,Research & Development,Female,Asian,33,22-01-2021,"$56,405.00",0%,United States,Chicago,,NO,,,,,,,,,,,
Gabriella Zhu,Computer Systems Manager,IT,Speciality Products,Female,Asian,36,29-11-2014,"$88,730.00",8%,China,Chongqing,,NO,,,,,,,,,,,
Aaron Maldonado,Analyst II,Finance,Manufacturing,Male,Latino,39,17-09-2008,"$62,861.00",0%,United States,Seattle,,NO,,,,,,,,,,,
Samantha Vargas,Director,Human Resources,Corporate,Female,Latino,53,21-07-2006,"$1,51,246",21%,Brazil,Sao Paulo,,NO,,,,,,,,,,,
Nora Le,Sr. Manger,IT,Manufacturing,Female,Asian,53,04-12-1997,"$1,54,388",10%,United States,Seattle,,NO,,,,,,,,,,,
Alice Roberts,Director,Human Resources,Manufacturing,Female,Caucasian,54,26-09-1994,"$1,62,978",17%,United States,Miami,24-05-2004, YES,,,,,,,,,,,
Colton Garcia,Solutions Architect,IT,Speciality Products,Male,Latino,55,17-11-1993,"$80,170.00",0%,United States,Miami,,NO,,,,,,,,,,,
Stella Lai,Sr. Analyst,Accounting,Manufacturing,Female,Asian,44,28-04-2021,"$98,520.00",0%,United States,Miami,,NO,,,,,,,,,,,
Leonardo Luong,Manager,Finance,Manufacturing,Male,Asian,52,29-12-1999,"$1,16,527",7%,United States,Phoenix,,NO,,,,,,,,,,,
Nicholas Wong,Director,Sales,Research & Development,Male,Asian,27,11-07-2019,"$1,74,607",29%,United States,Columbus,,NO,,,,,,,,,,,
Jeremiah Castillo,Analyst II,Accounting,Research & Development,Male,Latino,58,04-12-2006,"$64,202.00",0%,United States,Columbus,,NO,,,,,,,,,,,
Cooper Jiang,Analyst II,Accounting,Corporate,Male,Asian,49,25-07-2019,"$50,883.00",0%,China,Chongqing,03-02-2021, YES,,,,,,,,,,,
Penelope Silva,Network Architect,IT,Speciality Products,Female,Latino,36,11-03-2016,"$94,618.00",0%,United States,Columbus,,NO,,,,,,,,,,,
Jose Richardson,Director,Marketing,Research & Development,Male,Caucasian,26,15-10-2019,"$1,51,556",20%,United States,Miami,,NO,,,,,,,,,,,
Eleanor Chau,Development Engineer,Engineering,Research & Development,Female,Asian,37,03-08-2020,"$80,659.00",0%,United States,Phoenix,,NO,,,,,,,,,,,
John Cho,Director,Human Resources,Speciality Products,Male,Asian,47,11-03-2019,"$1,95,385",21%,China,Chengdu,,NO,,,,,,,,,,,
Julian Delgado,Systems Analyst,IT,Speciality Products,Male,Latino,29,19-05-2016,"$52,693.00",0%,Brazil,Rio de Janerio,,NO,,,,,,,,,,,
Isabella Scott,Network Administrator,IT,Research & Development,Female,Caucasian,58,26-04-2016,"$72,045.00",0%,United States,Phoenix,,NO,,,,,,,,,,,
Parker Avila,Analyst II,Marketing,Manufacturing,Male,Latino,47,28-11-2005,"$62,749.00",0%,Brazil,Manaus,,NO,,,,,,,,,,,
Luke Vu,Sr. Manger,Marketing,Speciality Products,Male,Asian,52,06-04-2018,"$1,54,884",10%,China,Shanghai,,NO,,,,,,,,,,,
Jameson Nelson,Network Architect,IT,Research & Development,Male,Caucasian,61,03-08-2016,"$96,566.00",0%,United States,Columbus,,NO,,,,,,,,,,,
Adrian Fernandez,Systems Analyst,IT,Research & Development,Male,Latino,45,23-08-2001,"$54,994.00",0%,United States,Columbus,,NO,,,,,,,,,,,
Madison Hunter,Network Administrator,IT,Corporate,Female,Caucasian,40,02-05-2012,"$61,523.00",0%,United States,Columbus,,NO,,,,,,,,,,,
Jordan Phillips,Vice President,Human Resources,Corporate,Male,Black,45,12-12-2010,"$1,90,512",32%,United States,Columbus,,NO,,,,,,,,,,,
Maya Chan,Controls Engineer,Engineering,Speciality Products,Female,Asian,37,13-02-2013,"$1,24,827",0%,China,Beijing,,NO,,,,,,,,,,,
Wesley King,Manager,Accounting,Manufacturing,Male,Caucasian,57,19-01-2019,"$1,01,577",5%,United States,Chicago,,NO,,,,,,,,,,,
Sofia Fernandez,Manager,Accounting,Manufacturing,Female,Latino,44,17-10-2005,"$1,05,223",10%,United States,Phoenix,,NO,,,,,,,,,,,
Maverick Figueroa,IT Systems Architect,IT,Corporate,Male,Latino,48,07-06-2008,"$94,815.00",0%,United States,Chicago,,NO,,,,,,,,,,,
Hannah Hoang,Manager,Accounting,Speciality Products,Female,Asian,25,15-12-2021,"$1,14,893",6%,China,Chengdu,,NO,,,,,,,,,,,
Violet Garcia,Sr. Analyst,Marketing,Speciality Products,Female,Latino,35,01-10-2017,"$80,622.00",0%,United States,Austin,,NO,,,,,,,,,,,
Aaliyah Mai,Vice President,IT,Speciality Products,Female,Asian,57,11-11-2016,"$2,46,589",33%,United States,Phoenix,26-03-2017, YES,,,,,,,,,,,
Austin Vang,Manager,Marketing,Speciality Products,Male,Asian,49,20-05-2018,"$1,19,397",9%,China,Beijing,14-03-2019, YES,,,,,,,,,,,
Maria Sun,Director,Sales,Corporate,Female,Asian,25,19-12-2021,"$1,50,666",23%,China,Chengdu,,NO,,,,,,,,,,,
Madelyn Scott,Sr. Manger,IT,Research & Development,Female,Caucasian,46,01-09-2002,"$1,48,035",14%,United States,Phoenix,,NO,,,,,,,,,,,
Dylan Chin,Director,Finance,Corporate,Male,Asian,60,06-05-2017,"$1,58,898",18%,United States,Miami,,NO,,,,,,,,,,,
Emery Zhang,Field Engineer,Engineering,Corporate,Female,Asian,45,28-02-2012,"$89,659.00",0%,China,Beijing,,NO,,,,,,,,,,,
Riley Washington,Director,Sales,Speciality Products,Female,Caucasian,39,29-04-2007,"$1,71,487",23%,United States,Phoenix,,NO,,,,,,,,,,,
Raelynn Rios,Vice President,Sales,Manufacturing,Female,Latino,43,21-08-2016,"$2,58,498",35%,United States,Columbus,,NO,,,,,,,,,,,
Anthony Hong,Sr. Manger,IT,Research & Development,Male,Asian,37,29-11-2010,"$1,46,961",11%,United States,Columbus,,NO,,,,,,,,,,,
Leo Herrera,Sr. Business Partner,Human Resources,Research & Development,Male,Latino,48,22-04-1998,"$85,369.00",0%,Brazil,Manaus,27-11-2004, YES,,,,,,,,,,,
Robert Wright,Technical Architect,IT,Manufacturing,Male,Caucasian,30,14-06-2015,"$67,489.00",0%,United States,Chicago,,NO,,,,,,,,,,,
Audrey Richardson,Director,IT,Manufacturing,Female,Caucasian,46,10-06-2018,"$1,66,259",17%,United States,Chicago,,NO,,,,,,,,,,,
Scarlett Kumar,Systems Analyst,IT,Corporate,Female,Asian,55,01-07-2009,"$47,032.00",0%,United States,Columbus,,NO,,,,,,,,,,,
Wesley Young,Sr. Analyst,Marketing,Speciality Products,Male,Caucasian,33,18-09-2016,"$98,427.00",0%,United States,Columbus,,NO,,,,,,,,,,,
Lillian Khan,Analyst,Finance,Speciality Products,Female,Asian,44,31-05-2010,"$47,387.00",0%,China,Chengdu,01-08-2018, YES,,,,,,,,,,,
Oliver Yang,Director,Marketing,Speciality Products,Male,Asian,31,06-10-2019,"$1,76,710",15%,United States,Miami,,NO,,,,,,,,,,,
Lily Nguyen,Sr. Analyst,Finance,Speciality Products,Female,Asian,33,28-01-2012,"$95,960.00",0%,China,Chengdu,,NO,,,,,,,,,,,
Sofia Cheng,Vice President,Accounting,Corporate,Female,Asian,63,26-07-2020,"$2,16,195",31%,United States,Miami,,NO,,,,,,,,,,,
